paper,Cited By,Influential,Importance,Binary Importance,Simarity,author,reference,title,abstract,keyphrases
0024356dbbb46b20a2b4df71f7cc03dfa8818139,198b711915429fa55162e749a0b964755b36a62e,0,2,1,0,0.333333333,0.05,0,0.050103647,0
0024356dbbb46b20a2b4df71f7cc03dfa8818139,9c1a028299cc2b7f4cbdbe6e19abfc844a6ead6b,0,2,1,0,1,0.111111111,0.136276341,0.070102757,0
0024356dbbb46b20a2b4df71f7cc03dfa8818139,ff2d41298dcf295e1661ebf469572f8d799306ab,0,1,0,1,0,0,0.069972543,0.049375636,0.111111111
0024356dbbb46b20a2b4df71f7cc03dfa8818139,ba03b36abc133bad0b0692ea904e5a26ffbb8de7,0,1,0,1,0,0,0,0.054616893,0
0024356dbbb46b20a2b4df71f7cc03dfa8818139,d0c92b106f758b045643a1ea8a82864bece2bfb6,0,1,0,1,0,0,0.091939982,0.036841813,0.111111111
0024356dbbb46b20a2b4df71f7cc03dfa8818139,16239b4b9b9215f30e522f01543fe7583033a690,0,1,0,1,0,0,0.084579861,0.059000012,0.111111111
0024356dbbb46b20a2b4df71f7cc03dfa8818139,b1b52688d331e5f697c875846a8218e7897ca2c4,0,0,0,1,0,0,0.084579861,0.088876329,0.111111111
0024356dbbb46b20a2b4df71f7cc03dfa8818139,109acf0456a990eb4a0c20daff21382921d5dc5f,0,0,0,1,0,0,0.10163067,0.037212939,0.1
0024356dbbb46b20a2b4df71f7cc03dfa8818139,66e21c4a46551429b15fd329f6bf0e5440b376c8,0,0,0,1,0,0,0.115215543,0.065314502,0.111111111
0024356dbbb46b20a2b4df71f7cc03dfa8818139,b9681cd07ce0590aaaa8bb0f0d417413a0cede9c,0,0,0,1,0,0,0,0.070963822,0.111111111
0024356dbbb46b20a2b4df71f7cc03dfa8818139,a9ec5b5030d34d6cec60f52232999cc4ff9c63c7,0,0,0,1,0,0,0.10163067,0.071727694,0.111111111
0024356dbbb46b20a2b4df71f7cc03dfa8818139,107cb16eadc88d4e4f6cab55a41b293e0539dd1e,0,0,0,1,0,0,0,0.039898955,0
0024356dbbb46b20a2b4df71f7cc03dfa8818139,0aacc118744a102db0782da73b1592d0e567d960,0,0,0,1,0,0,0,0.008735742,0
0024356dbbb46b20a2b4df71f7cc03dfa8818139,66861e303573478d20dc030812bae465dc85a7cf,0,0,0,1,0,0,0,0.033663936,0
0024356dbbb46b20a2b4df71f7cc03dfa8818139,67f43d5a3ea4ce89a8b10d1fe55c4a65003cc722,0,0,0,1,0,0.032258065,0.078744603,0.04404623,0.111111111
0024356dbbb46b20a2b4df71f7cc03dfa8818139,74f61af390292fc197659ae698429df4a2de62df,0,0,0,1,0,0,0,0.056398831,0
0024356dbbb46b20a2b4df71f7cc03dfa8818139,418bff91d4ce3cad70ee7288568d4c2cac3ac4cc,0,0,0,1,0,0,0,0.098261002,0.111111111
0024356dbbb46b20a2b4df71f7cc03dfa8818139,3e6f0453a175e40430eb530dc4f2e7f2aa386f43,0,0,0,1,0,0,0.115215543,0.009561552,0
0024356dbbb46b20a2b4df71f7cc03dfa8818139,745442386c51d1cedae3a09a14781c941a36b306,0,0,0,1,0,0,0.078744603,0.04339207,0
0024356dbbb46b20a2b4df71f7cc03dfa8818139,ed2e60f027b03bec109d5cd047c9178b8f8259e1,0,0,0,1,0,0,0.091939982,0.058476731,0
00fdd251797ea47f7273256df48495dd15516105,c8d0996ea761a2d002fe075fe2792622ba607ebb,0,0,0,1,0,0,0,0.044139372,0
033b62167e7358c429738092109311af696e9137,94db635f54d25bdb95edb42185aca93ba53b051b,0,0,0,1,0,0,0.059929968,0.095796946,0
04538e8875c78fe880da81eab3e04a99328b1d09,911d79afaf3ca3e3b9634ec6ed16de450cce0c8c,0,0,0,1,0,0.024390244,0,0.116985028,0
04a8d271bc4384dbfbb417bfb625feb01cb44666,03539fc7a0dada577db3fc9bc2b3c8e091877108,1,2,1,1,0,0.055555556,0.098679618,0.254455928,0
04a8d271bc4384dbfbb417bfb625feb01cb44666,586fb3f66b786502dd706aa8633d3ed7b66b445f,0,1,0,1,0,0.0625,0,0.109282637,0
04a8d271bc4384dbfbb417bfb625feb01cb44666,303515056a2a89119924693dcc9dec31007f329e,0,0,0,1,0,0,0,0.011515428,0
04a8d271bc4384dbfbb417bfb625feb01cb44666,98f4a8d8407f3918f98ee2889347b11191cf411c,0,0,0,1,0,0,0,0.056935456,0
04a8d271bc4384dbfbb417bfb625feb01cb44666,48f2a5e67c5f5417ea895ec419e49cf3ea443610,0,0,0,1,0,0.078947368,0.115215543,0.103955667,0
08240b716eb2d63d78998e738531502283901b89,3a1175715f1a551cfdf0edbb975e4c2c80eed0e0,0,0,0,1,0,0.016949153,0,0.041485321,0.125
0ea9ec9ada1f86d7107643a8aa41f15796c205f9,e31eed985ae3274e9036f9eb97fd3810928615c6,0,0,0,1,0,0,0,0.030969547,0
10007391361e17f41aa92f3430c00830dff3be6a,0cb912b4a208b217c45d57e28fc0f59599f92330,0,3,1,0,0.25,0.357142857,0.150640185,0.188715001,0.071428571
10007391361e17f41aa92f3430c00830dff3be6a,3081ec59edf33adb3bb5fd4ead6698398654c05e,1,3,1,1,0,0.038461538,0.10163067,0.183919662,0.076923077
10007391361e17f41aa92f3430c00830dff3be6a,180c660a65c17b04a7f933191976280867527747,0,2,1,0,0,0.085714286,0.225764846,0.173728869,0.153846154
10007391361e17f41aa92f3430c00830dff3be6a,220a47b587d1a5f4a464a04a4e06366059debeba,1,2,1,1,0,0.041666667,0.519387993,0.192375823,0.071428571
10007391361e17f41aa92f3430c00830dff3be6a,102bbe5219221ebd441ca9466c960c909a4b7130,1,2,1,1,0,0.083333333,0,0.040479297,0.076923077
10007391361e17f41aa92f3430c00830dff3be6a,056cddb2e8637997f0fd1fb39d3d0acecfc2ff82,0,1,0,1,0,0.083333333,0,0.073605101,0.153846154
10007391361e17f41aa92f3430c00830dff3be6a,33287b031a04952007edf273df9cd30c4d53b3b8,0,1,0,1,0,0.086956522,0.077347812,0.056467808,0.071428571
10007391361e17f41aa92f3430c00830dff3be6a,8ff36cfbb8ccf3cc18b4eddf2ef20d655f6f9525,0,1,0,1,0,0.111111111,0,0.072636219,-1
10007391361e17f41aa92f3430c00830dff3be6a,334d11e0d04ae895bac97a65a64137f21c4f8b80,0,1,0,1,0,0,0.112342779,0.071267111,0.071428571
10007391361e17f41aa92f3430c00830dff3be6a,18d04fa815cbc9e7a2eeab189a4d7388cb43b0cb,0,1,0,1,0,0,0,0.047698612,0.071428571
10007391361e17f41aa92f3430c00830dff3be6a,586fb3f66b786502dd706aa8633d3ed7b66b445f,0,1,0,1,0,0.052631579,0.10163067,0.018713117,0
10007391361e17f41aa92f3430c00830dff3be6a,069b288576968e21f6b1b9613360b5b8515ec256,0,1,0,1,0,0,0,0.009785485,0
10007391361e17f41aa92f3430c00830dff3be6a,2f3d5a1edf8a6ec497ad6eaedeebc287db9a8bca,0,0,0,1,0,0.055555556,0,0.159461106,0.25
10007391361e17f41aa92f3430c00830dff3be6a,2112dc2a386d958102e4b2311c1daba6d4a83038,0,0,0,1,0,0.066666667,0.087044468,0.16120214,0
10007391361e17f41aa92f3430c00830dff3be6a,76a33390d1a144312d0c1122ea707e0487e21c96,1,0,0,0,0,0.052631579,0,0.063480105,0
10007391361e17f41aa92f3430c00830dff3be6a,115c896f53bde675fbd8e43b79a1960f52d5e881,0,0,0,1,0,0.222222222,0.206136966,0.135641975,0.071428571
10007391361e17f41aa92f3430c00830dff3be6a,024a02a1939c26aec9237dab14f841a639d2fc9a,0,0,0,1,0,0.047619048,0,0.112797298,0.071428571
10007391361e17f41aa92f3430c00830dff3be6a,c37a1e4e9d453fe6960e20bb3e0c89f16e1f0766,0,0,0,1,0,0.0625,0,0.028474057,0
10007391361e17f41aa92f3430c00830dff3be6a,1bcab843f26e3a6a5d9cb78f7d8eca34bab3b3fd,0,0,0,1,0,0,0,0.0320191,0
10007391361e17f41aa92f3430c00830dff3be6a,a41a778ee93381e9bd301bfcaad6538099d40425,0,0,0,1,0,0.055555556,0,0.029447332,0.071428571
11494bc3a26a930db29901ec4f81b986266d9952,4fd223b585bab9e0cc1fc156f3cea9fd85f325a5,0,3,1,0,0,0,0,0.072595865,0
11494bc3a26a930db29901ec4f81b986266d9952,12fba006c9dfd3521ae4e22eec8bae586819d817,0,3,1,0,0,0,0,0,0
11494bc3a26a930db29901ec4f81b986266d9952,c4524f0faa48a9f2d0dee97f12b3cbdd34046aff,0,1,0,1,0,0,0,0,0
11494bc3a26a930db29901ec4f81b986266d9952,434a15ce9ee8e0fa60a982dc86686b8b1a7dbfae,0,0,0,1,0,0.029411765,0.150640185,0.231683239,0.111111111
11494bc3a26a930db29901ec4f81b986266d9952,ef816626858b53f2964e67ef19a716330860c2ea,0,0,0,1,0,0,0,0,0
182dc6bbd40d171a0ab4e7b29ee0964e616da303,28d44f73c8eb541577b4eb7c969766ef7cfffcae,0,1,0,1,0.333333333,0.074074074,0,0.12764308,0.285714286
182dc6bbd40d171a0ab4e7b29ee0964e616da303,54ba9b0fae665a8359887fbfd5fe16f2490f9343,0,0,0,1,0,0.095238095,0.170776113,0.066026425,0.285714286
182dc6bbd40d171a0ab4e7b29ee0964e616da303,697268601bffa1c734f465e5f429873918aaa969,0,0,0,1,0,0,0,0,0
182dc6bbd40d171a0ab4e7b29ee0964e616da303,d07db07e9f98e3dd97544bd835619357683fc936,0,0,0,1,0,0,0,0,0
18d04fa815cbc9e7a2eeab189a4d7388cb43b0cb,90edb0f07d0c308e5d609b2ba378ae1bf06f104f,0,3,1,0,0,0.111111111,0.093494775,0.075752007,0.111111111
18d04fa815cbc9e7a2eeab189a4d7388cb43b0cb,5d2ddf59f4abd2980bb14d768be0f96cdd3c5929,0,0,0,1,0,0,0.225764846,0.042744434,0
18d04fa815cbc9e7a2eeab189a4d7388cb43b0cb,b2b0e5d8694658ead22827053ed01f6e50bd3e0e,0,0,0,1,0,0,0.087044468,0.02845717,0
1a0a415178d20754418987e312681f3fb0b40257,6feb388081f456f8967e1c975a26f15df56556e1,0,3,1,0,0,0.0625,0,0.086840087,0
1a0a415178d20754418987e312681f3fb0b40257,39d20a6e0ff25aa451aff93b2ce11e02facee6b1,0,0,0,1,0,0.075,0.081768041,0.064674601,0
1a0a415178d20754418987e312681f3fb0b40257,1b9eedb53a6ea00cd139f4996c51cdf312e01442,0,0,0,1,0,0.032258065,0.093494775,0.062045274,0
1b1eed518d7f0c67874a5e6e018486feb3923732,567dc4e26ece98e96c2e798ae8acafa5883945a9,0,0,0,1,0,0.115384615,0.183407827,-1,-1
1b1eed518d7f0c67874a5e6e018486feb3923732,6cd6f5683f71a4f9e24c6faa3f743482ecb2e6ff,0,0,0,1,0,0.19047619,0.199333263,-1,-1
1b1eed518d7f0c67874a5e6e018486feb3923732,393b0372dd64a3db88a1fe32b71755a7726d2294,0,0,0,1,0,0.19047619,0.220288151,-1,-1
1b1eed518d7f0c67874a5e6e018486feb3923732,29c34a034f6f35915a141dac98cabf625bea2b3c,0,0,0,1,0,0.055555556,0,-1,-1
1b1eed518d7f0c67874a5e6e018486feb3923732,2648926c90f6cc9c9fa2e9590bc9b3df88ac9cd2,0,0,0,1,0,0.076923077,0.199333263,-1,-1
1b1eed518d7f0c67874a5e6e018486feb3923732,d2e1a04836db23105aebc945521743233a63b8c2,0,0,0,1,0,0,0.187933203,-1,-1
1b1eed518d7f0c67874a5e6e018486feb3923732,72cc2d783f7e7858fbc240d813b8c7fd753c70c4,0,0,0,1,0,0,0.039184615,-1,-1
1b1eed518d7f0c67874a5e6e018486feb3923732,4c4a95645bb719cb53d668cca3b104e529746377,1,0,0,0,0,0.057142857,0.16043974,-1,-1
1b1eed518d7f0c67874a5e6e018486feb3923732,2d287f828cc1736f6755bd5c6e75f73a9146c87d,0,0,0,1,0,0.033333333,0,-1,-1
1b1eed518d7f0c67874a5e6e018486feb3923732,a07f56a919687e432e92c403d371a9e2d564ef3f,0,0,0,1,0,0,0.199333263,-1,-1
1b1eed518d7f0c67874a5e6e018486feb3923732,a6c3dd11950709a41b4b5fdb7edb8f3d37d4c60e,0,0,0,1,0,0.052631579,0.079702512,-1,-1
1b1eed518d7f0c67874a5e6e018486feb3923732,669a1735c515cf1ae2108d1823e624bd0854a3a0,0,0,0,1,0,0.142857143,0.441410116,-1,-1
1b1eed518d7f0c67874a5e6e018486feb3923732,62d8219e6be879d54b5602c90fdbeaff7a78ff74,0,0,0,1,0,0.125,0.199333263,-1,-1
1b1eed518d7f0c67874a5e6e018486feb3923732,ef45ad6f228fcc8b2d05b93749b4e163dce3f528,0,0,0,1,0,0.041666667,0.199333263,-1,-1
1bb9aaeb2b600a4e93e453228ed8844ffd45f6b6,69dec697bbda636851f02e328c59eb11da4afe01,0,2,1,0,0.666666667,0.066666667,0.08768682,0.094494507,0.111111111
1bb9aaeb2b600a4e93e453228ed8844ffd45f6b6,021eded7ffb6fe9224a41c50ba00aaa31bf29765,0,1,0,1,0.25,0.130434783,0,0.048927356,0.111111111
1bb9aaeb2b600a4e93e453228ed8844ffd45f6b6,48e222ca4046007c58f425cc05aa31dbbe8f540a,0,1,0,1,0,0.028571429,0.12735953,0.081189094,0.111111111
1bb9aaeb2b600a4e93e453228ed8844ffd45f6b6,3e459c01bb2282664eca93e7a4e8000a729f1d18,0,0,0,1,0,0.034482759,0,0.045634162,0.111111111
1bb9aaeb2b600a4e93e453228ed8844ffd45f6b6,09afa9d5fec24b9b4ea42abf85bf6799d5d918a3,0,0,0,1,0,0.045454545,0,0.054706947,0
1bb9aaeb2b600a4e93e453228ed8844ffd45f6b6,2b014e038dd1e7267c7f7cb7a56b39d21b4f2468,0,0,0,1,0,0.136363636,0.12735953,0.063038687,0.111111111
1bb9aaeb2b600a4e93e453228ed8844ffd45f6b6,83c3456db7b191429038e5d282859d87aa383ff5,0,0,0,1,0,0,0,0.03363508,0
1bb9aaeb2b600a4e93e453228ed8844ffd45f6b6,130d02b4767018cafd20fd7ebfb0a374d41e7d52,0,0,0,1,0,0,0.12735953,0.037669656,0
24beb987b722d4a25d3157a43000e685aa8f8874,303df576947198a7029ff384270750bdb8520521,0,2,1,0,0,0,0.206136966,0.073025951,0
24beb987b722d4a25d3157a43000e685aa8f8874,3787980e3f4c2e0e20a08027ec1eff18b4fd0c0a,1,1,0,0,0,0.05,0.12735953,0.163017168,0
24beb987b722d4a25d3157a43000e685aa8f8874,c2f34bb9b8fb309b38aeb528877fd7f494f87764,0,1,0,1,0,0.055555556,0.112342779,-1,-1
24beb987b722d4a25d3157a43000e685aa8f8874,0bd3297f6a794fddd738756ffed41471a61b8e11,0,1,0,1,0,0.038461538,0,0.045146945,0
24beb987b722d4a25d3157a43000e685aa8f8874,99a80fb20dcedcd14d4b8e3c3074cf1a68975a6b,0,1,0,1,0,0,0,0.064060427,0
24beb987b722d4a25d3157a43000e685aa8f8874,471d97bf60adbdc0931c1cb278486dd9cd37fe51,0,0,0,1,0,0.105263158,0,0.072428717,0
24beb987b722d4a25d3157a43000e685aa8f8874,29899547c993f30a9afcc3514ef55358d45d6b97,0,0,0,1,0,0,0,0.013214565,0
24beb987b722d4a25d3157a43000e685aa8f8874,4944bd1a531d8580344ed30a1105372d439f3c79,0,0,0,1,0,0,0,0.141236626,0.071428571
24beb987b722d4a25d3157a43000e685aa8f8874,0853a6724aec7814057be29f75b9fe56f3763d07,0,0,0,1,0,0.027027027,0,0.039825672,0
2640913656089380ffdd697b141b838a8f214909,544a0fa1107df1423db05070182f213053003040,0,3,1,0,0.666666667,0.045454545,0.063354812,0.105787535,0.125
2640913656089380ffdd697b141b838a8f214909,29c7fb312431f77aa369937959f26f292dfa27d6,0,1,0,1,0,0.08,0.201993092,0.1260117,0.111111111
2640913656089380ffdd697b141b838a8f214909,59ed3521300fd9ffe20afadd1ce6d46d4c6606a1,0,0,0,1,0,0.028571429,0,0.021250703,0.111111111
2640913656089380ffdd697b141b838a8f214909,4f410ab5c8b12b34b38421241366ee456bbebab9,0,0,0,1,0,0.12,0.130978051,0.053008139,0
2640913656089380ffdd697b141b838a8f214909,3cdf3459d3f4fa134ff2924fee9570674bf45bdd,0,0,0,1,0,0.133333333,0,0.022772339,0
2640913656089380ffdd697b141b838a8f214909,31d2eaefe047a4302e0a5dfa090a37b9f1c79699,0,0,0,1,0,0,0.23577034,0.143218136,0
265d715727a9c56c0a072ab8da958c11d7f5014e,32924bbd545430a09969fc700965f9e030c45e67,0,2,1,0,0,0.033333333,0,0.101099108,0
265d715727a9c56c0a072ab8da958c11d7f5014e,480c4b254a1a579669f13259cc475c42b58cff83,0,0,0,1,0,0.037037037,0,0.011258436,0
265d715727a9c56c0a072ab8da958c11d7f5014e,8916b98a82cf9e63919e16e3971627fd5f824841,0,0,0,1,0,0,0.093494775,0.07412954,0
265d715727a9c56c0a072ab8da958c11d7f5014e,960597a6ac49a48ec493442de2027b0f389ebedd,0,0,0,1,0,0,0.1683975,0.058000127,0.111111111
265d715727a9c56c0a072ab8da958c11d7f5014e,ad71f1c8e5d35fefcd73a38256799dd444ec2008,0,0,0,1,0,0,0.291069102,0.024461483,0
265d715727a9c56c0a072ab8da958c11d7f5014e,70979b88b7ed402917761faa22da8cae6bb0c9e0,0,0,0,1,0,0.055555556,0,0.054844602,0.111111111
2911f7ec4eb6200ac2da8db5d0792745dfa2dc4a,08240b716eb2d63d78998e738531502283901b89,0,1,0,1,0,0,0,-1,-1
2c1d3883840074c93996817276d4199b403ef188,0678c73ff855c93f238538735fcecc1ee6bc8379,0,0,0,1,0,0,0.220288151,0.103233023,0
334d11e0d04ae895bac97a65a64137f21c4f8b80,18d04fa815cbc9e7a2eeab189a4d7388cb43b0cb,1,3,1,1,0,0.210526316,0,0.062724564,0.25
3764baa7465201f054083d02b58fa75f883c4461,7decf730e2bce5efe7ea55a9b716a3a27436f16c,0,3,1,0,0,0,0.132130069,0.095317202,0.111111111
3764baa7465201f054083d02b58fa75f883c4461,4b633e381951df7d010c3751b42793550e04b7d7,0,2,1,0,0,0,0.237903095,0.194669368,0
3764baa7465201f054083d02b58fa75f883c4461,6e8e2acedc133c7664ad1455f39675d4d07a1017,0,2,1,0,0,0,0.119136892,0.167252041,0
3764baa7465201f054083d02b58fa75f883c4461,2067918ece05f0a6adafaa685799e645d7878ee8,1,2,1,1,0,0.030769231,0.125366938,0.111819025,0
3764baa7465201f054083d02b58fa75f883c4461,763a31180898fe7e64f2e682c5b901ef43998872,0,2,1,0,0,0.02173913,0.184431917,0.170052829,0
3764baa7465201f054083d02b58fa75f883c4461,48790b95fbda08e7bedd0dec98dd5921d0f42cfb,1,1,0,0,0,0.05,0.137543605,0.102272657,0
3764baa7465201f054083d02b58fa75f883c4461,53073cf42228f7e1d23c513eb474c7e599f82c02,0,1,0,1,0,0,0,0.034707465,0
3764baa7465201f054083d02b58fa75f883c4461,b8f7d6ac7b5b91d09fa01940f3540682e6ec303f,0,1,0,1,0,0,0,0.064901702,0
3764baa7465201f054083d02b58fa75f883c4461,32a3e0c6afa7c7c55d2508884659455b6b0d0a61,0,1,0,1,0,0,0,0.038987081,0
3764baa7465201f054083d02b58fa75f883c4461,4274016dfe32971fcb5bb2043b35555f6fcf91c9,0,1,0,1,0,0,0.077808944,0.041132817,0
3764baa7465201f054083d02b58fa75f883c4461,66fd5b0322503edc0c0dff8529cf9f60c6b546a0,0,0,0,1,0,0.055555556,0,0.097048205,0
3764baa7465201f054083d02b58fa75f883c4461,00185e94af48e793072e9aef5eb7b40881a5b8bb,0,0,0,1,0,0.074074074,0,0.094088934,0
3764baa7465201f054083d02b58fa75f883c4461,5ac237da97e1861685073e871c5cee329963a917,0,0,0,1,0,0.166666667,0,0.07142681,0
3764baa7465201f054083d02b58fa75f883c4461,5c812d543e9de27c2f314f4b677ed10eb0b4c944,1,0,0,0,0,0.05,0,0.122742708,0
3764baa7465201f054083d02b58fa75f883c4461,2821ad486fd2cb062b268dd5e528bd99d9fa6ce2,0,0,0,1,0,0.03125,0,0.025473624,0
3764baa7465201f054083d02b58fa75f883c4461,c6357d3f76e2610b43b4ec3db83e4a3371c30323,0,0,0,1,0,0.033333333,0.093494775,0.084684358,0
3764baa7465201f054083d02b58fa75f883c4461,649d9c33adba8d3483a34df09462b50a936a092e,0,0,0,1,0,0.057142857,0.093494775,0.150656892,0
3a469a88833f9bf69c4d1cb8d5bdad6f8d02b95c,c205e82ddf7d9bd759cca3e16baa60c49cecf056,0,2,1,0,0.333333333,0.222222222,0.291219419,0.233439262,0.25
3a469a88833f9bf69c4d1cb8d5bdad6f8d02b95c,388c8e6ba7646f46e499dffc00557cfe769a5dda,1,2,1,1,0,0.063492063,0.105992131,0.080864072,0.25
3a469a88833f9bf69c4d1cb8d5bdad6f8d02b95c,2067918ece05f0a6adafaa685799e645d7878ee8,0,1,0,1,0,0.052631579,0.411207055,0.046438794,0.111111111
3a469a88833f9bf69c4d1cb8d5bdad6f8d02b95c,50c0d8b36fc516b4fc04aa636a62a9f2aee2240e,0,1,0,1,0,0.022727273,0.291219419,0.134965825,0.111111111
3a469a88833f9bf69c4d1cb8d5bdad6f8d02b95c,ad1181d188f730b7917a95ae452efb48f830c90a,0,0,0,1,0,0.153846154,0.220288151,0.070953507,0
3a469a88833f9bf69c4d1cb8d5bdad6f8d02b95c,763a31180898fe7e64f2e682c5b901ef43998872,0,0,0,1,0,0.081081081,0.260555671,0.175139714,0.111111111
3a469a88833f9bf69c4d1cb8d5bdad6f8d02b95c,6b07b0266cb4cc2ae1c463732032cc11fe2f2e0a,0,0,0,1,0,0.105263158,0.220288151,0.105137473,0.111111111
3b8e7c8220d3883d54960d896a73045f3c70ac17,08dcafc57bd643f8f50ae43d0adb394f28e26ebb,0,2,1,0,0,0.0625,0,-1,-1
3b8e7c8220d3883d54960d896a73045f3c70ac17,3543d7db405647f6b0dd92fa8cb9f3d552259c5f,0,2,1,0,0,0,0,0.02652881,0
3b8e7c8220d3883d54960d896a73045f3c70ac17,3fa58a0dcbf7392e02f744a0f729ba8010b7334c,1,2,1,1,0,0.16,0,0.085816942,0
3b8e7c8220d3883d54960d896a73045f3c70ac17,7bfbabdc800f70eb4efa60e64b91044aad23c4a8,0,2,1,0,0,0.033333333,0.069972543,0.082281753,0
3b8e7c8220d3883d54960d896a73045f3c70ac17,011828e338982905f2693f3572e56fd582b5ac04,0,1,0,1,0,0,0,0.067331851,0
41828fc3dab24784f95e6976e8aaa73f68e1840e,348a4a34f934692c58751b0284c5cfeb8f0c96f2,1,2,1,1,0,0.108108108,0,0.237837841,0
41828fc3dab24784f95e6976e8aaa73f68e1840e,1b4aa9377a6e3d717a369bc21e13662c65890b4c,1,1,0,0,0,0.04,0.170776113,0.11692592,0
41828fc3dab24784f95e6976e8aaa73f68e1840e,d95b049b992682e29f186a7823bebed785993ec9,0,0,0,1,0,0,0,0.035503545,0
41828fc3dab24784f95e6976e8aaa73f68e1840e,291b0b2b273cbb00039f4f246154053b2341a017,0,0,0,1,0,0.024390244,0.115215543,0.09193108,0
41828fc3dab24784f95e6976e8aaa73f68e1840e,7bfbabdc800f70eb4efa60e64b91044aad23c4a8,0,0,0,1,0,0.025641026,0.260555671,0.086667168,0
41828fc3dab24784f95e6976e8aaa73f68e1840e,10d21ca7728cb3dd15731accedda9ea711d8a0f4,0,0,0,1,0,0.027027027,0,0.081385527,0
41828fc3dab24784f95e6976e8aaa73f68e1840e,03001cea1ef5aadd0330544acb6fcbaa68825697,0,0,0,1,0,0.092783505,0.105992131,0.216793113,0
4af182338ee63754d4569c26cb6a5c3bbdd8cf2a,71c026712cdeee7097f736fc579723c914d6f82d,0,2,1,0,0,0.045454545,0,0.09742134,0
4af182338ee63754d4569c26cb6a5c3bbdd8cf2a,7a1a11271026dbafe81bb1f601da383eb8ecd398,0,1,0,1,0,0,0,0.070020477,0
4af182338ee63754d4569c26cb6a5c3bbdd8cf2a,d2629414371b1dd0160cb42ad529feb89dc6ea00,0,1,0,1,0,0,0.066559247,0.00657475,0
4af182338ee63754d4569c26cb6a5c3bbdd8cf2a,0872d24316ca0444279e23f1d686be37d9c5294d,0,1,0,1,0,0.083333333,0.078744603,0.092261472,0
4af182338ee63754d4569c26cb6a5c3bbdd8cf2a,63799c4850df5a60cbe8763cff9b1ffe5e27ae3c,0,1,0,1,0,0,0,0.093667631,0
4af182338ee63754d4569c26cb6a5c3bbdd8cf2a,2f2b4cb71794cea7e3e5ded5755615263740eec2,0,0,0,1,0,0,0,0,0
4af182338ee63754d4569c26cb6a5c3bbdd8cf2a,6b800696ce3c451fa443061b928d791fa6c375ed,0,0,0,1,0,0,0,0.029156582,0
4af182338ee63754d4569c26cb6a5c3bbdd8cf2a,28e11a77bf6670984c6f1753ff41ec5046fc040b,0,0,0,1,0,0,0,0.112111201,0
4af182338ee63754d4569c26cb6a5c3bbdd8cf2a,ebd03c093df7ec30a2a360b377e85b6f00ecb96f,0,0,0,1,0,0,0.10163067,0.059839632,0
4af182338ee63754d4569c26cb6a5c3bbdd8cf2a,38623c0273a0b2cec32fc797aaa99b8aef3c4472,0,0,0,1,0,0,0,0.056090648,0
4af182338ee63754d4569c26cb6a5c3bbdd8cf2a,24beb987b722d4a25d3157a43000e685aa8f8874,0,0,0,1,0,0.157894737,0.225764846,0.1724806,0
4b7c8063892ca57131bd71b9c839d970ee8b0226,3a6ab7283f02ebf4f6f33ca82f4da32f479ce9c8,0,3,1,0,0,0.0625,0.260555671,0.07975144,0
4b7c8063892ca57131bd71b9c839d970ee8b0226,82ea0ff74d598b60fad4e9a6737280651870c2b5,0,1,0,1,0,0.130434783,0.220288151,0.254924083,0
4b7c8063892ca57131bd71b9c839d970ee8b0226,6190613c9f9544b2dcf0001781a049ddb9cd1f4b,0,1,0,1,0,0,0,0.059127048,0
4b7c8063892ca57131bd71b9c839d970ee8b0226,438bdd869cc2d43aaceb11268590c5c308e5ff01,0,1,0,1,0,0,0,0.062349209,0
4b7c8063892ca57131bd71b9c839d970ee8b0226,2c41fb6c7a1297a09a045f8c8f4fbba8800229a3,0,1,0,1,0,0,0,0.077433384,0
4f410ab5c8b12b34b38421241366ee456bbebab9,29c7fb312431f77aa369937959f26f292dfa27d6,0,3,1,0,0.25,0.48,0.059514396,0.272319108,0
4f410ab5c8b12b34b38421241366ee456bbebab9,94bd436b5dc2060e1b23c70c16fea26ec56db42a,1,3,1,1,0,0.090909091,0.068049631,0.155175053,0.111111111
4f410ab5c8b12b34b38421241366ee456bbebab9,29c7fb312431f77aa369937959f26f292dfa27d6,0,3,1,0,0.25,0.48,0.059514396,0.272319108,0
4f410ab5c8b12b34b38421241366ee456bbebab9,94bd436b5dc2060e1b23c70c16fea26ec56db42a,1,2,1,1,0,0.090909091,0.068049631,0.155175053,0.111111111
4f410ab5c8b12b34b38421241366ee456bbebab9,32ee75315fd7050bd7411087d9b3c7cf67b82b63,0,2,1,0,0.142857143,0,0,0.092625627,0
4f410ab5c8b12b34b38421241366ee456bbebab9,2418131d18173161b48575839d145091c3178a72,1,2,1,1,0,0.035087719,0,0.156089528,0
4f410ab5c8b12b34b38421241366ee456bbebab9,31d2eaefe047a4302e0a5dfa090a37b9f1c79699,1,2,1,1,0,0.027027027,0.14976222,0.176363556,0
4f410ab5c8b12b34b38421241366ee456bbebab9,c543570a5fbee162cc33561576af735204c223d7,0,2,1,0,0,0,0,0.036308444,0
4f410ab5c8b12b34b38421241366ee456bbebab9,5f19b6288d647972709691780044a3b46dc7feac,0,2,1,0,0,0.013157895,0,0.077591381,0
4f410ab5c8b12b34b38421241366ee456bbebab9,6af4613d27395695db7af293eed64d4be4cc67ff,0,2,1,0,0,0.03125,0,0.12295901,0
4f410ab5c8b12b34b38421241366ee456bbebab9,8fa16fdd1720a4d927d8a062fccb4473e40f3982,1,2,1,1,0,0.021276596,0.081768041,0.174634918,0
4f410ab5c8b12b34b38421241366ee456bbebab9,31d2eaefe047a4302e0a5dfa090a37b9f1c79699,1,2,1,1,0,0.027027027,0.14976222,0.176363556,0
4f410ab5c8b12b34b38421241366ee456bbebab9,27496a2ee337db705e7c611dea1fd8e6f41437c2,0,2,1,0,0,0.041666667,0,0.051485299,0
4f410ab5c8b12b34b38421241366ee456bbebab9,c50c2ef70639692db342693bd4479f5b85c73f60,0,2,1,0,0,0,0,0.013512482,0
4f410ab5c8b12b34b38421241366ee456bbebab9,3137cba2cc519166c3fea0259f9d0c9e050bed81,0,1,0,1,0,0,0,0.083346181,0
4f410ab5c8b12b34b38421241366ee456bbebab9,3fb365b1d1d39ff2dff27cf68a3ecdf8ae5a693b,0,1,0,1,0,0,0,0.025358216,0
4f410ab5c8b12b34b38421241366ee456bbebab9,02ec888235367184342b9d7295ce99b3da6aea10,0,1,0,1,0,0,0,0.055137582,0
4f410ab5c8b12b34b38421241366ee456bbebab9,d161f05ce278d0c66fc44041d4ebacc5110e0fc3,0,1,0,1,0,0,0,0.046430119,0
4f410ab5c8b12b34b38421241366ee456bbebab9,0544b93a08eb4458ad17525aeb831b0b7a150dd1,0,1,0,1,0,0.032258065,0,0.055353119,0
4f410ab5c8b12b34b38421241366ee456bbebab9,bed155153835dda242d3514346d7973641c5e299,0,1,0,1,0,0,0,0.046066063,0
4f410ab5c8b12b34b38421241366ee456bbebab9,5d437f098752798b601e5171311e74184dd05843,0,1,0,1,0,0,0,0.040481438,0
4f410ab5c8b12b34b38421241366ee456bbebab9,abba83b5747e98d10ab982df9ae94cc799668f16,0,1,0,1,0,0,0,0.020706189,0
4f410ab5c8b12b34b38421241366ee456bbebab9,a5dd230970c90f311f10b9c59283eb4131f4fc79,0,1,0,1,0,0,0,0.013911661,0
4f410ab5c8b12b34b38421241366ee456bbebab9,b90196005b0f1eb0953758c16869633d7ca3399d,0,1,0,1,0.111111111,0,0,0.116671831,0
4f410ab5c8b12b34b38421241366ee456bbebab9,5026d34eb5dd917a416461939ee76c1303055d42,0,1,0,1,0,0.05,0.073971295,0.156735868,0
4f410ab5c8b12b34b38421241366ee456bbebab9,5e45657e0281cff0cdbffd9352b4edb4c47b8304,0,1,0,1,0,0,0,0.090399783,0
4f410ab5c8b12b34b38421241366ee456bbebab9,5433d3cd12a6edbe3ec14f8895c7d6f4e4448565,0,1,0,1,0,0,0,0.022341236,0
4f410ab5c8b12b34b38421241366ee456bbebab9,12c234d00119e13f087d79e50575c4577d5c74d9,0,1,0,1,0,0,0,0.11729842,0
4f410ab5c8b12b34b38421241366ee456bbebab9,15259723242fe1909e7eb7e76cfd245a878f2172,0,1,0,1,0,0,0,0.101204267,0
4f410ab5c8b12b34b38421241366ee456bbebab9,723fc3a61e35e3b759fd900caa06141a503c87c9,0,1,0,1,0,0,0,0.078156553,0
4f410ab5c8b12b34b38421241366ee456bbebab9,60b5779bed9ae726fc0d65e532655eb131499ad9,0,1,0,1,0.25,0,0.081768041,0.097045814,0
4f410ab5c8b12b34b38421241366ee456bbebab9,4815713a6b1f8026430d6fd6a367b51e87014662,0,1,0,1,0,0,0.073971295,0.115960926,0
4f410ab5c8b12b34b38421241366ee456bbebab9,a4c9384b9cffcf75213858a4b003b65e48a9331f,1,1,0,0,0,0,0.081768041,0.052079796,0
4f410ab5c8b12b34b38421241366ee456bbebab9,4f5cd4c2d81db5c52f952589a8d52bba16962707,0,1,0,1,0,0,0.063354812,0.118055672,0
4f410ab5c8b12b34b38421241366ee456bbebab9,91e4ba886ce779a6e80a3292ed70c5386c5e86d6,1,1,0,0,0,0,0,0,0
4f410ab5c8b12b34b38421241366ee456bbebab9,4065243ecb62aac56668f3888586af7d2a3311fa,0,1,0,1,0,0,0,0.050651461,0
4f410ab5c8b12b34b38421241366ee456bbebab9,12e3151e1231537f25e38144d6350cb09bfb3586,0,1,0,1,0,0,0,0.067244723,0
4f410ab5c8b12b34b38421241366ee456bbebab9,995ddfe2e3ed66219881f559db72c1859e229805,0,1,0,1,0,0,0.081768041,0.077927888,0
4f410ab5c8b12b34b38421241366ee456bbebab9,262cf4ee38a38033ae44ab9294689f0400697105,0,1,0,1,0,0,0,0.086683122,0
4f410ab5c8b12b34b38421241366ee456bbebab9,cc43ea9cf6e2da181d44acc8aeaabbbed0d52705,0,1,0,1,0,0.043478261,0,0.089440105,0
4f410ab5c8b12b34b38421241366ee456bbebab9,c0a86ddb0f6060d84577304f1741677b643d128f,0,1,0,1,0,0,0,0.024057539,0
4f410ab5c8b12b34b38421241366ee456bbebab9,5e45657e0281cff0cdbffd9352b4edb4c47b8304,0,1,0,1,0,0,0,0.090399783,0
4f410ab5c8b12b34b38421241366ee456bbebab9,5f19b6288d647972709691780044a3b46dc7feac,0,1,0,1,0,0.013157895,0,0.077591381,0
4f410ab5c8b12b34b38421241366ee456bbebab9,24813a13faa751c334086f5112743091343ccfba,0,1,0,1,0,0,0,0.015749821,0
4f410ab5c8b12b34b38421241366ee456bbebab9,6af4613d27395695db7af293eed64d4be4cc67ff,0,1,0,1,0,0.03125,0,0.12295901,0
4f410ab5c8b12b34b38421241366ee456bbebab9,00cf902b27676cdc376e26567e70298b96c672a1,0,1,0,1,0.666666667,0,0,0.06032857,0
4f410ab5c8b12b34b38421241366ee456bbebab9,5f126695342ea2bab2aa6eb971563f5d91d00aa0,0,1,0,1,0.666666667,0.027027027,0,0.090373033,0
4f410ab5c8b12b34b38421241366ee456bbebab9,60b64343b5a514c1368ec1f9779519302d98ef3e,0,1,0,1,0,0,0,0.086788976,0
4f410ab5c8b12b34b38421241366ee456bbebab9,2d42d556450281f0ce02a6198ba8fc37bf48abf5,0,1,0,1,0,0,0.081768041,0.078878741,0
4f410ab5c8b12b34b38421241366ee456bbebab9,8fa16fdd1720a4d927d8a062fccb4473e40f3982,1,1,0,0,0,0.021276596,0.081768041,0.174634918,0
4f410ab5c8b12b34b38421241366ee456bbebab9,e4f3a8e772d8ab592ab99d7be6dafc4e3cfe6fae,0,1,0,1,0,0,0,0.054225082,0
4f410ab5c8b12b34b38421241366ee456bbebab9,986ff65ff9fa1c517e0910bbfef9c71b6eeabf79,0,1,0,1,0,0,0,0.064053858,0
4f410ab5c8b12b34b38421241366ee456bbebab9,1e9663ce0fefb89b79b013313cd39454d7bb8267,0,1,0,1,0,0,0,0.074810502,0
4f410ab5c8b12b34b38421241366ee456bbebab9,24813a13faa751c334086f5112743091343ccfba,0,1,0,1,0,0,0,0.015749821,0
4f410ab5c8b12b34b38421241366ee456bbebab9,8f8139b63a2fc0b3ae8413acaef47acd35a356e0,0,1,0,1,0,0,0.073971295,0.07914305,0
4f410ab5c8b12b34b38421241366ee456bbebab9,330f705d1da99e6e9cab28db3d881aeffc50a00d,0,1,0,1,0,0,0,0.050645036,0
4f410ab5c8b12b34b38421241366ee456bbebab9,037725c55ee3eb2c4b9eb185f16e4187f6188189,0,1,0,1,0,0,0,0.064871935,0
4f410ab5c8b12b34b38421241366ee456bbebab9,7424786c635a51dad861b8888e9c0d23a5856234,0,1,0,1,0,0.026315789,0,0.040074239,0
4f410ab5c8b12b34b38421241366ee456bbebab9,af5586c3d67a76d3ae51cfa886f77a081ecd88f9,1,1,0,0,0,0,0,0.026762922,0
4f410ab5c8b12b34b38421241366ee456bbebab9,b52fe0b796e4c899624ed3e9d9ea566453156844,1,1,0,0,0,0.022727273,0,0.059517777,0
4f410ab5c8b12b34b38421241366ee456bbebab9,2a0a4161206d3fb201ca87ee17256d3d770e3fd2,0,1,0,1,0,0,0,0.126408037,0
4f410ab5c8b12b34b38421241366ee456bbebab9,b891549fa7274ebc33dc2e0b52de920675b3c9d7,0,1,0,1,0,0,0,0.032237753,0
4f410ab5c8b12b34b38421241366ee456bbebab9,4e29406ff005be3de1b2781ef42ed881502bf72c,0,1,0,1,0,0,0,0.040939339,0
4f410ab5c8b12b34b38421241366ee456bbebab9,1d4927b26f1bc7ac8a72b7da8c723ca853fcaa72,0,1,0,1,0,0,0,0.116162281,0
4f410ab5c8b12b34b38421241366ee456bbebab9,5460589117407a323cae0ea08623ef855d5dca26,0,1,0,1,0,0,0,0.092533188,0
4f410ab5c8b12b34b38421241366ee456bbebab9,012d5cc9236a5cb591a30d97b0a01973109b0f07,0,1,0,1,0,0,0,0.021716731,0
4f410ab5c8b12b34b38421241366ee456bbebab9,b65762780b95c39a8a8814f47e99b874f4315401,0,1,0,1,0,0,0.14976222,0.04871403,0
4f410ab5c8b12b34b38421241366ee456bbebab9,6cd8cae6783b1079a066cf03117aeb970189d093,0,1,0,1,0,0,0,0.109087818,0
4f410ab5c8b12b34b38421241366ee456bbebab9,33f4e91b698a5226955e9e6b62741163c4ffd6c1,0,1,0,1,0,0,0,0.042344721,0
4f410ab5c8b12b34b38421241366ee456bbebab9,32fce77f2683c6296e787f319663fe9d2cde2d07,0,1,0,1,0.2,0.044444444,0,0.098854625,0
4f410ab5c8b12b34b38421241366ee456bbebab9,df62eba3d141d7e24c7e2cd0c142d7e4a415b9a2,0,1,0,1,0,0,0,0.020603769,0
4f410ab5c8b12b34b38421241366ee456bbebab9,c2908deec5b09ea4bdfce7ad5e827606ef425ee4,1,1,0,0,0,0,0.073971295,0.010247285,0
4f410ab5c8b12b34b38421241366ee456bbebab9,07704a07d924cf7970ea7996afb81c331c5a3673,0,1,0,1,0,0,0,0.021683077,0
4f410ab5c8b12b34b38421241366ee456bbebab9,74f904e03903ebfccf7b5de9c345a49712919ab6,0,1,0,1,0,0,0,0.043261305,0
4f410ab5c8b12b34b38421241366ee456bbebab9,d1d1004488231e2d26922016f252a85a3dc41388,0,1,0,1,0,0,0,0.029331754,0
4f410ab5c8b12b34b38421241366ee456bbebab9,76d3d111d24391a2fe153e16b1a4d120d9bb7c3d,0,1,0,1,0,0,0,0.089858619,0
4f410ab5c8b12b34b38421241366ee456bbebab9,0d98d2fc154f60f52da54a9861b75cf67afc8132,0,1,0,1,0,0,0,0.02359686,0
4f410ab5c8b12b34b38421241366ee456bbebab9,2b59bbc1ee8a5075e49f0b79f86df357d2ac01e7,0,1,0,1,0,0,0,0.056027336,0
4f410ab5c8b12b34b38421241366ee456bbebab9,02234993cfbd7d765f2dba33bfe1c45add91e52d,0,1,0,1,0,0,0,0.055103418,0
4f410ab5c8b12b34b38421241366ee456bbebab9,5ceda25a21fbad082b8986794a8e2f5dfc119f0a,0,1,0,1,0,0,0,0.01161522,0
4f410ab5c8b12b34b38421241366ee456bbebab9,27496a2ee337db705e7c611dea1fd8e6f41437c2,0,1,0,1,0,0.041666667,0,0.051485299,0
4f410ab5c8b12b34b38421241366ee456bbebab9,30701685df2d2ae3d2a0337f33000b0e7288ed68,0,1,0,1,0,0,0,0.141574901,0
4f410ab5c8b12b34b38421241366ee456bbebab9,c50c2ef70639692db342693bd4479f5b85c73f60,0,1,0,1,0,0,0,0.013512482,0
4f410ab5c8b12b34b38421241366ee456bbebab9,69659e18511c6ce5bf1e617992440e7e630723c1,0,1,0,1,0,0,0,0.034609581,0
4f410ab5c8b12b34b38421241366ee456bbebab9,01c44d9fba739eedea9d4c03e9223014dcdeeb07,0,1,0,1,0.142857143,0.055555556,0.296672367,0.124910386,0
4f410ab5c8b12b34b38421241366ee456bbebab9,bb6c904eccd9663037c75251712b6da7f6398ae8,0,1,0,1,0,0,0,0.016766691,0
4f410ab5c8b12b34b38421241366ee456bbebab9,02aebef93baeef3396f3cb4468a7054067f190c6,0,1,0,1,0,0,0,0.038432824,0
4f410ab5c8b12b34b38421241366ee456bbebab9,aca19f94878893caf6c484ba638fe9445b4d6bf4,0,1,0,1,0,0,0,0.060123694,0
4f410ab5c8b12b34b38421241366ee456bbebab9,5c983fb27dee4bd4cd42fcde08dbc02f4431e2bc,0,1,0,1,0,0,0.056297158,0.048129979,0
4f410ab5c8b12b34b38421241366ee456bbebab9,be3da9f71d3a093ecfcb9df7acd61c2eda437824,1,1,0,0,0,0,0,0.032472792,0
4f410ab5c8b12b34b38421241366ee456bbebab9,3df902c59a110127bbe22570f4d97967b7ea7d61,1,1,0,0,0,0,0.162794495,0.041851169,0
4f410ab5c8b12b34b38421241366ee456bbebab9,e5c2720dddac18a11da6593a9346a98813e8d9ff,0,1,0,1,0,0,0,0.034946438,0
4f410ab5c8b12b34b38421241366ee456bbebab9,ae946b252bf1d58a906935f2f4a8bb7fb9e441f2,0,1,0,1,0,0,0,0.092332004,0
4f410ab5c8b12b34b38421241366ee456bbebab9,29b165f82233f6c2e93d31dc274b57adc1da1d48,0,1,0,1,0,0,0.05117103,0.040685603,0
4f410ab5c8b12b34b38421241366ee456bbebab9,17da628fd399a11cc727eb49b0424b8f7050e945,0,1,0,1,0,0,0,0.03754737,0
4f410ab5c8b12b34b38421241366ee456bbebab9,a94e4fe6f475e047be5dcc9077f445e496240852,0,1,0,1,0,0,0,0.072723489,0
4f410ab5c8b12b34b38421241366ee456bbebab9,3137cba2cc519166c3fea0259f9d0c9e050bed81,0,1,0,1,0,0,0,0.083346181,0
4f410ab5c8b12b34b38421241366ee456bbebab9,3fb365b1d1d39ff2dff27cf68a3ecdf8ae5a693b,0,1,0,1,0,0,0,0.025358216,0
4f410ab5c8b12b34b38421241366ee456bbebab9,02ec888235367184342b9d7295ce99b3da6aea10,0,1,0,1,0,0,0,0.055137582,0
4f410ab5c8b12b34b38421241366ee456bbebab9,d161f05ce278d0c66fc44041d4ebacc5110e0fc3,0,1,0,1,0,0,0,0.046430119,0
4f410ab5c8b12b34b38421241366ee456bbebab9,0544b93a08eb4458ad17525aeb831b0b7a150dd1,0,1,0,1,0,0.032258065,0,0.055353119,0
4f410ab5c8b12b34b38421241366ee456bbebab9,bed155153835dda242d3514346d7973641c5e299,0,1,0,1,0,0,0,0.046066063,0
4f410ab5c8b12b34b38421241366ee456bbebab9,5d437f098752798b601e5171311e74184dd05843,0,1,0,1,0,0,0,0.040481438,0
4f410ab5c8b12b34b38421241366ee456bbebab9,abba83b5747e98d10ab982df9ae94cc799668f16,0,1,0,1,0,0,0,0.020706189,0
4f410ab5c8b12b34b38421241366ee456bbebab9,a5dd230970c90f311f10b9c59283eb4131f4fc79,0,1,0,1,0,0,0,0.013911661,0
4f410ab5c8b12b34b38421241366ee456bbebab9,b90196005b0f1eb0953758c16869633d7ca3399d,0,1,0,1,0.111111111,0,0,0.116671831,0
4f410ab5c8b12b34b38421241366ee456bbebab9,5026d34eb5dd917a416461939ee76c1303055d42,0,1,0,1,0,0.05,0.073971295,0.156735868,0
4f410ab5c8b12b34b38421241366ee456bbebab9,5e45657e0281cff0cdbffd9352b4edb4c47b8304,0,1,0,1,0,0,0,0.090399783,0
4f410ab5c8b12b34b38421241366ee456bbebab9,5433d3cd12a6edbe3ec14f8895c7d6f4e4448565,0,1,0,1,0,0,0,0.022341236,0
4f410ab5c8b12b34b38421241366ee456bbebab9,3dc2ad926b6c205a86a7ac36b21162807769241c,0,1,0,1,0,0.03125,0.265434455,0.10536435,0
4f410ab5c8b12b34b38421241366ee456bbebab9,12c234d00119e13f087d79e50575c4577d5c74d9,0,1,0,1,0,0,0,0.11729842,0
4f410ab5c8b12b34b38421241366ee456bbebab9,151ee8aedc97e7a388a8edd704ff13698a7af0b4,0,1,0,1,0.166666667,0,0.081768041,0.081285101,0
4f410ab5c8b12b34b38421241366ee456bbebab9,723fc3a61e35e3b759fd900caa06141a503c87c9,0,1,0,1,0,0,0,0.078156553,0
4f410ab5c8b12b34b38421241366ee456bbebab9,4815713a6b1f8026430d6fd6a367b51e87014662,0,1,0,1,0,0,0.073971295,0.115960926,0
4f410ab5c8b12b34b38421241366ee456bbebab9,a4c9384b9cffcf75213858a4b003b65e48a9331f,1,1,0,0,0,0,0.081768041,0.052079796,0
4f410ab5c8b12b34b38421241366ee456bbebab9,32ee75315fd7050bd7411087d9b3c7cf67b82b63,0,1,0,1,0.142857143,0,0,0.092625627,0
4f410ab5c8b12b34b38421241366ee456bbebab9,4f5cd4c2d81db5c52f952589a8d52bba16962707,0,1,0,1,0,0,0.063354812,0.118055672,0
4f410ab5c8b12b34b38421241366ee456bbebab9,91e4ba886ce779a6e80a3292ed70c5386c5e86d6,1,1,0,0,0,0,0,0,0
4f410ab5c8b12b34b38421241366ee456bbebab9,4065243ecb62aac56668f3888586af7d2a3311fa,0,1,0,1,0,0,0,0.050651461,0
4f410ab5c8b12b34b38421241366ee456bbebab9,12e3151e1231537f25e38144d6350cb09bfb3586,0,1,0,1,0,0,0,0.067244723,0
4f410ab5c8b12b34b38421241366ee456bbebab9,995ddfe2e3ed66219881f559db72c1859e229805,0,1,0,1,0,0,0.081768041,0.077927888,0
4f410ab5c8b12b34b38421241366ee456bbebab9,262cf4ee38a38033ae44ab9294689f0400697105,0,1,0,1,0,0,0,0.086683122,0
4f410ab5c8b12b34b38421241366ee456bbebab9,cc43ea9cf6e2da181d44acc8aeaabbbed0d52705,0,1,0,1,0,0.043478261,0,0.089440105,0
4f410ab5c8b12b34b38421241366ee456bbebab9,c0a86ddb0f6060d84577304f1741677b643d128f,0,1,0,1,0,0,0,0.024057539,0
4f410ab5c8b12b34b38421241366ee456bbebab9,5e45657e0281cff0cdbffd9352b4edb4c47b8304,0,1,0,1,0,0,0,0.090399783,0
4f410ab5c8b12b34b38421241366ee456bbebab9,24813a13faa751c334086f5112743091343ccfba,0,1,0,1,0,0,0,0.015749821,0
4f410ab5c8b12b34b38421241366ee456bbebab9,00cf902b27676cdc376e26567e70298b96c672a1,0,1,0,1,0.666666667,0,0,0.06032857,0
4f410ab5c8b12b34b38421241366ee456bbebab9,5f126695342ea2bab2aa6eb971563f5d91d00aa0,0,1,0,1,0.666666667,0.027027027,0,0.090373033,0
4f410ab5c8b12b34b38421241366ee456bbebab9,60b64343b5a514c1368ec1f9779519302d98ef3e,0,1,0,1,0,0,0,0.086788976,0
4f410ab5c8b12b34b38421241366ee456bbebab9,2d42d556450281f0ce02a6198ba8fc37bf48abf5,0,1,0,1,0,0,0.081768041,0.078878741,0
4f410ab5c8b12b34b38421241366ee456bbebab9,2418131d18173161b48575839d145091c3178a72,1,1,0,0,0,0.035087719,0,0.156089528,0
4f410ab5c8b12b34b38421241366ee456bbebab9,e4f3a8e772d8ab592ab99d7be6dafc4e3cfe6fae,0,1,0,1,0,0,0,0.054225082,0
4f410ab5c8b12b34b38421241366ee456bbebab9,986ff65ff9fa1c517e0910bbfef9c71b6eeabf79,0,1,0,1,0,0,0,0.064053858,0
4f410ab5c8b12b34b38421241366ee456bbebab9,00111610254bfb8ec16428501c2ca68dcf817474,0,1,0,1,0,0,0,0.063458284,0
4f410ab5c8b12b34b38421241366ee456bbebab9,48a2d2dbb6514f55902139a4f40eb6942f82eef9,0,1,0,1,0,0,0.059514396,0.051484581,0
4f410ab5c8b12b34b38421241366ee456bbebab9,1e9663ce0fefb89b79b013313cd39454d7bb8267,0,1,0,1,0,0,0,0.074810502,0
4f410ab5c8b12b34b38421241366ee456bbebab9,24813a13faa751c334086f5112743091343ccfba,0,1,0,1,0,0,0,0.015749821,0
4f410ab5c8b12b34b38421241366ee456bbebab9,8f8139b63a2fc0b3ae8413acaef47acd35a356e0,0,1,0,1,0,0,0.073971295,0.07914305,0
4f410ab5c8b12b34b38421241366ee456bbebab9,330f705d1da99e6e9cab28db3d881aeffc50a00d,0,1,0,1,0,0,0,0.050645036,0
4f410ab5c8b12b34b38421241366ee456bbebab9,037725c55ee3eb2c4b9eb185f16e4187f6188189,0,1,0,1,0,0,0,0.064871935,0
4f410ab5c8b12b34b38421241366ee456bbebab9,7424786c635a51dad861b8888e9c0d23a5856234,0,1,0,1,0,0.026315789,0,0.040074239,0
4f410ab5c8b12b34b38421241366ee456bbebab9,af5586c3d67a76d3ae51cfa886f77a081ecd88f9,1,1,0,0,0,0,0,0.026762922,0
4f410ab5c8b12b34b38421241366ee456bbebab9,b52fe0b796e4c899624ed3e9d9ea566453156844,1,1,0,0,0,0.022727273,0,0.059517777,0
4f410ab5c8b12b34b38421241366ee456bbebab9,0c042eaf93d775aa77e9e5cea50a639bf18a8e71,0,1,0,1,0,0,0,0.017955147,0
4f410ab5c8b12b34b38421241366ee456bbebab9,2a0a4161206d3fb201ca87ee17256d3d770e3fd2,0,1,0,1,0,0,0,0.126408037,0
4f410ab5c8b12b34b38421241366ee456bbebab9,b891549fa7274ebc33dc2e0b52de920675b3c9d7,0,1,0,1,0,0,0,0.032237753,0
4f410ab5c8b12b34b38421241366ee456bbebab9,4e29406ff005be3de1b2781ef42ed881502bf72c,0,1,0,1,0,0,0,0.040939339,0
4f410ab5c8b12b34b38421241366ee456bbebab9,1d4927b26f1bc7ac8a72b7da8c723ca853fcaa72,0,1,0,1,0,0,0,0.116162281,0
4f410ab5c8b12b34b38421241366ee456bbebab9,6483f163be4836ae8bd3833f27de9a173753b960,0,1,0,1,0,0,0,0.090971682,0
4f410ab5c8b12b34b38421241366ee456bbebab9,5460589117407a323cae0ea08623ef855d5dca26,0,1,0,1,0,0,0,0.092533188,0
4f410ab5c8b12b34b38421241366ee456bbebab9,012d5cc9236a5cb591a30d97b0a01973109b0f07,0,1,0,1,0,0,0,0.021716731,0
4f410ab5c8b12b34b38421241366ee456bbebab9,b65762780b95c39a8a8814f47e99b874f4315401,0,1,0,1,0,0,0.14976222,0.04871403,0
4f410ab5c8b12b34b38421241366ee456bbebab9,740bcf4af21ffff4f85e4b5a54a3e6502e5088fd,0,1,0,1,0,0,0,0.056393424,0
4f410ab5c8b12b34b38421241366ee456bbebab9,6cd8cae6783b1079a066cf03117aeb970189d093,0,1,0,1,0,0,0,0.109087818,0
4f410ab5c8b12b34b38421241366ee456bbebab9,33f4e91b698a5226955e9e6b62741163c4ffd6c1,0,1,0,1,0,0,0,0.042344721,0
4f410ab5c8b12b34b38421241366ee456bbebab9,32fce77f2683c6296e787f319663fe9d2cde2d07,0,1,0,1,0.2,0.044444444,0,0.098854625,0
4f410ab5c8b12b34b38421241366ee456bbebab9,df62eba3d141d7e24c7e2cd0c142d7e4a415b9a2,0,1,0,1,0,0,0,0.020603769,0
4f410ab5c8b12b34b38421241366ee456bbebab9,8689346e83d711f9356f4056174d18ad53af1cd8,0,1,0,1,0,0.023255814,0,0.186511127,0
4f410ab5c8b12b34b38421241366ee456bbebab9,c2908deec5b09ea4bdfce7ad5e827606ef425ee4,1,1,0,0,0,0,0.073971295,0.010247285,0
4f410ab5c8b12b34b38421241366ee456bbebab9,07704a07d924cf7970ea7996afb81c331c5a3673,0,1,0,1,0,0,0,0.021683077,0
4f410ab5c8b12b34b38421241366ee456bbebab9,74f904e03903ebfccf7b5de9c345a49712919ab6,0,1,0,1,0,0,0,0.043261305,0
4f410ab5c8b12b34b38421241366ee456bbebab9,d1d1004488231e2d26922016f252a85a3dc41388,0,1,0,1,0,0,0,0.029331754,0
4f410ab5c8b12b34b38421241366ee456bbebab9,76d3d111d24391a2fe153e16b1a4d120d9bb7c3d,0,1,0,1,0,0,0,0.089858619,0
4f410ab5c8b12b34b38421241366ee456bbebab9,0d98d2fc154f60f52da54a9861b75cf67afc8132,0,1,0,1,0,0,0,0.02359686,0
4f410ab5c8b12b34b38421241366ee456bbebab9,2b59bbc1ee8a5075e49f0b79f86df357d2ac01e7,0,1,0,1,0,0,0,0.056027336,0
4f410ab5c8b12b34b38421241366ee456bbebab9,87e79beb7976919a76b912c94ff797126981308c,0,1,0,1,0,0,0,0.07591021,0
4f410ab5c8b12b34b38421241366ee456bbebab9,02234993cfbd7d765f2dba33bfe1c45add91e52d,0,1,0,1,0,0,0,0.055103418,0
4f410ab5c8b12b34b38421241366ee456bbebab9,5ceda25a21fbad082b8986794a8e2f5dfc119f0a,0,1,0,1,0,0,0,0.01161522,0
4f410ab5c8b12b34b38421241366ee456bbebab9,ebff2fb9550baddc15d26f8e0dfa0329f747e562,1,1,0,0,0,0,0,0.021399815,0
4f410ab5c8b12b34b38421241366ee456bbebab9,30701685df2d2ae3d2a0337f33000b0e7288ed68,0,1,0,1,0,0,0,0.141574901,0
4f410ab5c8b12b34b38421241366ee456bbebab9,69659e18511c6ce5bf1e617992440e7e630723c1,0,1,0,1,0,0,0,0.034609581,0
4f410ab5c8b12b34b38421241366ee456bbebab9,01c44d9fba739eedea9d4c03e9223014dcdeeb07,0,1,0,1,0.142857143,0.055555556,0.296672367,0.124910386,0
4f410ab5c8b12b34b38421241366ee456bbebab9,bb6c904eccd9663037c75251712b6da7f6398ae8,0,1,0,1,0,0,0,0.016766691,0
4f410ab5c8b12b34b38421241366ee456bbebab9,02aebef93baeef3396f3cb4468a7054067f190c6,0,1,0,1,0,0,0,0.038432824,0
4f410ab5c8b12b34b38421241366ee456bbebab9,aca19f94878893caf6c484ba638fe9445b4d6bf4,0,1,0,1,0,0,0,0.060123694,0
4f410ab5c8b12b34b38421241366ee456bbebab9,5c983fb27dee4bd4cd42fcde08dbc02f4431e2bc,0,1,0,1,0,0,0.056297158,0.048129979,0
4f410ab5c8b12b34b38421241366ee456bbebab9,be3da9f71d3a093ecfcb9df7acd61c2eda437824,1,1,0,0,0,0,0,0.032472792,0
4f410ab5c8b12b34b38421241366ee456bbebab9,3df902c59a110127bbe22570f4d97967b7ea7d61,1,1,0,0,0,0,0.162794495,0.041851169,0
4f410ab5c8b12b34b38421241366ee456bbebab9,e5c2720dddac18a11da6593a9346a98813e8d9ff,0,1,0,1,0,0,0,0.034946438,0
4f410ab5c8b12b34b38421241366ee456bbebab9,ae946b252bf1d58a906935f2f4a8bb7fb9e441f2,0,1,0,1,0,0,0,0.092332004,0
4f410ab5c8b12b34b38421241366ee456bbebab9,29b165f82233f6c2e93d31dc274b57adc1da1d48,0,1,0,1,0,0,0.05117103,0.040685603,0
4f410ab5c8b12b34b38421241366ee456bbebab9,17da628fd399a11cc727eb49b0424b8f7050e945,0,1,0,1,0,0,0,0.03754737,0
4f410ab5c8b12b34b38421241366ee456bbebab9,a94e4fe6f475e047be5dcc9077f445e496240852,0,1,0,1,0,0,0,0.072723489,0
4f410ab5c8b12b34b38421241366ee456bbebab9,3731b74985bc465a59eb8fd1588e782c8fdd558b,0,0,0,1,0,0.014925373,0.465291532,0.092329914,0
4f410ab5c8b12b34b38421241366ee456bbebab9,1e941acf5e3d3339f51b52bcbf940dff1287fc28,0,0,0,1,0,0,0,0.123854053,0
4f410ab5c8b12b34b38421241366ee456bbebab9,3dc2ad926b6c205a86a7ac36b21162807769241c,0,0,0,1,0,0.03125,0.265434455,0.10536435,0
4f410ab5c8b12b34b38421241366ee456bbebab9,754d2456d500091d0531c95a2e0c790c0cc50505,0,0,0,1,0,0.014492754,0.068049631,0.039940698,0
4f410ab5c8b12b34b38421241366ee456bbebab9,151ee8aedc97e7a388a8edd704ff13698a7af0b4,0,0,0,1,0.166666667,0,0.081768041,0.081285101,0
4f410ab5c8b12b34b38421241366ee456bbebab9,7cbace2990e0579c7108b1b87dc3b8076043fd5b,0,0,0,1,0,0.033333333,0,0.123298032,0
4f410ab5c8b12b34b38421241366ee456bbebab9,f00b7db20c7b65292c4536cc82ad6bdb8e4afd04,0,0,0,1,0,0,0.063354812,0.051921004,0
4f410ab5c8b12b34b38421241366ee456bbebab9,1711adbd0b62a5d564cb69e992dfa80b652ef56b,0,0,0,1,0,0.051724138,0,0.106141361,0
4f410ab5c8b12b34b38421241366ee456bbebab9,cb847caf4ae0911947aad5b0f32de6aaaf0d5487,0,0,0,1,0,0,0,0.059615093,0
4f410ab5c8b12b34b38421241366ee456bbebab9,c543570a5fbee162cc33561576af735204c223d7,0,0,0,1,0,0,0,0.036308444,0
4f410ab5c8b12b34b38421241366ee456bbebab9,12510c9659c71ce821fe671de5ed7033ba0af31c,0,0,0,1,0,0.08,0,0.06136349,0
4f410ab5c8b12b34b38421241366ee456bbebab9,1a4ab333a9ba3a93166f349cf26cc97c509c8a8a,0,0,0,1,0,0.022727273,0.068049631,0.064242671,0
4f410ab5c8b12b34b38421241366ee456bbebab9,2e342660bd637c223db246fa40c3f02b29b741be,0,0,0,1,0,0,0,0.032933002,0
4f410ab5c8b12b34b38421241366ee456bbebab9,39418aa59106343b09d0d3018f6cc84255edf56f,0,0,0,1,0,0,0,0.049870461,0
4f410ab5c8b12b34b38421241366ee456bbebab9,895befda94484f0e9f62d90a4056ab06fa26f4a6,0,0,0,1,0,0.027027027,0,0.071990944,0
4f410ab5c8b12b34b38421241366ee456bbebab9,080f78fc763a900f9813287d4b0435fffaba1a13,0,0,0,1,0,0.027777778,0,0.126353855,0
4f410ab5c8b12b34b38421241366ee456bbebab9,c8dd9aba190a1e17a27c9e5149f4c99f50893747,0,0,0,1,0,0.04,0.081768041,0.045313975,0
4f410ab5c8b12b34b38421241366ee456bbebab9,8ccdd477d42287461f4e300fffdd2bf271eeb5b1,0,0,0,1,0,0,0,0.095014995,0
4f410ab5c8b12b34b38421241366ee456bbebab9,00111610254bfb8ec16428501c2ca68dcf817474,0,0,0,1,0,0,0,0.063458284,0
4f410ab5c8b12b34b38421241366ee456bbebab9,2470c5bc0b0a87c2157c9fed152805fa4ca21204,0,0,0,1,0,0,0,0.0779931,0
4f410ab5c8b12b34b38421241366ee456bbebab9,48a2d2dbb6514f55902139a4f40eb6942f82eef9,0,0,0,1,0,0,0.059514396,0.051484581,0
4f410ab5c8b12b34b38421241366ee456bbebab9,30e69288d6d427da250e395d4341b481d8f600f5,0,0,0,1,0,0,0,0.022483505,0
4f410ab5c8b12b34b38421241366ee456bbebab9,49121b3b9bcf7e55046efea91683bb38ab56e6a9,0,0,0,1,0,0,0,0.0691169,0
4f410ab5c8b12b34b38421241366ee456bbebab9,63cb5e89d1e875d3f0813e270e9aabdfaaefdde1,0,0,0,1,0,0.107142857,0.073971295,0.216689824,0
4f410ab5c8b12b34b38421241366ee456bbebab9,00e5123e8a976e11e1e5a6e68c51af684a25ddbd,0,0,0,1,0,0,0,0.10152915,0
4f410ab5c8b12b34b38421241366ee456bbebab9,0c042eaf93d775aa77e9e5cea50a639bf18a8e71,0,0,0,1,0,0,0,0.017955147,0
4f410ab5c8b12b34b38421241366ee456bbebab9,6483f163be4836ae8bd3833f27de9a173753b960,0,0,0,1,0,0,0,0.090971682,0
4f410ab5c8b12b34b38421241366ee456bbebab9,740bcf4af21ffff4f85e4b5a54a3e6502e5088fd,0,0,0,1,0,0,0,0.056393424,0
4f410ab5c8b12b34b38421241366ee456bbebab9,81e96b60befdc97db1b4fb54006e9f40be0a1705,1,0,0,0,0,0,0,0.04896135,0
4f410ab5c8b12b34b38421241366ee456bbebab9,6629785cb5c9c96921f97e7a8c56dbe63f80d9ef,0,0,0,1,0,0,0,0.084981661,0
4f410ab5c8b12b34b38421241366ee456bbebab9,8689346e83d711f9356f4056174d18ad53af1cd8,0,0,0,1,0,0.023255814,0,0.186511127,0
4f410ab5c8b12b34b38421241366ee456bbebab9,8c88fd293ce102e1f8fbed3f2e662ee8de4f45bb,0,0,0,1,0,0,0,0.044106406,0
4f410ab5c8b12b34b38421241366ee456bbebab9,87e79beb7976919a76b912c94ff797126981308c,0,0,0,1,0,0,0,0.07591021,0
4f410ab5c8b12b34b38421241366ee456bbebab9,095a7ab0e6bdfa54e13ce6875622a0c0e3ca43d7,0,0,0,1,0,0,0,0.074320714,0
4f410ab5c8b12b34b38421241366ee456bbebab9,ebff2fb9550baddc15d26f8e0dfa0329f747e562,1,0,0,0,0,0,0,0.021399815,0
4f410ab5c8b12b34b38421241366ee456bbebab9,f75e678e5694730a57c51228f1074920110c3fac,0,0,0,1,0,0,0,0.011622308,0
4f410ab5c8b12b34b38421241366ee456bbebab9,a78b1c7a80bbc5e132d40bddacfa44ce43773445,0,0,0,1,0,0,0,0.03386043,0
4f410ab5c8b12b34b38421241366ee456bbebab9,3731b74985bc465a59eb8fd1588e782c8fdd558b,0,0,0,1,0,0.014925373,0.465291532,0.092329914,0
4f410ab5c8b12b34b38421241366ee456bbebab9,1e941acf5e3d3339f51b52bcbf940dff1287fc28,0,0,0,1,0,0,0,0.123854053,0
4f410ab5c8b12b34b38421241366ee456bbebab9,754d2456d500091d0531c95a2e0c790c0cc50505,0,0,0,1,0,0.014492754,0.068049631,0.039940698,0
4f410ab5c8b12b34b38421241366ee456bbebab9,15259723242fe1909e7eb7e76cfd245a878f2172,0,0,0,1,0,0,0,0.101204267,0
4f410ab5c8b12b34b38421241366ee456bbebab9,7cbace2990e0579c7108b1b87dc3b8076043fd5b,0,0,0,1,0,0.033333333,0,0.123298032,0
4f410ab5c8b12b34b38421241366ee456bbebab9,60b5779bed9ae726fc0d65e532655eb131499ad9,0,0,0,1,0.25,0,0.081768041,0.097045814,0
4f410ab5c8b12b34b38421241366ee456bbebab9,f00b7db20c7b65292c4536cc82ad6bdb8e4afd04,0,0,0,1,0,0,0.063354812,0.051921004,0
4f410ab5c8b12b34b38421241366ee456bbebab9,1711adbd0b62a5d564cb69e992dfa80b652ef56b,0,0,0,1,0,0.051724138,0,0.106141361,0
4f410ab5c8b12b34b38421241366ee456bbebab9,cb847caf4ae0911947aad5b0f32de6aaaf0d5487,0,0,0,1,0,0,0,0.059615093,0
4f410ab5c8b12b34b38421241366ee456bbebab9,12510c9659c71ce821fe671de5ed7033ba0af31c,0,0,0,1,0,0.08,0,0.06136349,0
4f410ab5c8b12b34b38421241366ee456bbebab9,1a4ab333a9ba3a93166f349cf26cc97c509c8a8a,0,0,0,1,0,0.022727273,0.068049631,0.064242671,0
4f410ab5c8b12b34b38421241366ee456bbebab9,2e342660bd637c223db246fa40c3f02b29b741be,0,0,0,1,0,0,0,0.032933002,0
4f410ab5c8b12b34b38421241366ee456bbebab9,39418aa59106343b09d0d3018f6cc84255edf56f,0,0,0,1,0,0,0,0.049870461,0
4f410ab5c8b12b34b38421241366ee456bbebab9,895befda94484f0e9f62d90a4056ab06fa26f4a6,0,0,0,1,0,0.027027027,0,0.071990944,0
4f410ab5c8b12b34b38421241366ee456bbebab9,080f78fc763a900f9813287d4b0435fffaba1a13,0,0,0,1,0,0.027777778,0,0.126353855,0
4f410ab5c8b12b34b38421241366ee456bbebab9,c8dd9aba190a1e17a27c9e5149f4c99f50893747,0,0,0,1,0,0.04,0.081768041,0.045313975,0
4f410ab5c8b12b34b38421241366ee456bbebab9,8ccdd477d42287461f4e300fffdd2bf271eeb5b1,0,0,0,1,0,0,0,0.095014995,0
4f410ab5c8b12b34b38421241366ee456bbebab9,2470c5bc0b0a87c2157c9fed152805fa4ca21204,0,0,0,1,0,0,0,0.0779931,0
4f410ab5c8b12b34b38421241366ee456bbebab9,30e69288d6d427da250e395d4341b481d8f600f5,0,0,0,1,0,0,0,0.022483505,0
4f410ab5c8b12b34b38421241366ee456bbebab9,49121b3b9bcf7e55046efea91683bb38ab56e6a9,0,0,0,1,0,0,0,0.0691169,0
4f410ab5c8b12b34b38421241366ee456bbebab9,63cb5e89d1e875d3f0813e270e9aabdfaaefdde1,0,0,0,1,0,0.107142857,0.073971295,0.216689824,0
4f410ab5c8b12b34b38421241366ee456bbebab9,00e5123e8a976e11e1e5a6e68c51af684a25ddbd,0,0,0,1,0,0,0,0.10152915,0
4f410ab5c8b12b34b38421241366ee456bbebab9,81e96b60befdc97db1b4fb54006e9f40be0a1705,1,0,0,0,0,0,0,0.04896135,0
4f410ab5c8b12b34b38421241366ee456bbebab9,6629785cb5c9c96921f97e7a8c56dbe63f80d9ef,0,0,0,1,0,0,0,0.084981661,0
4f410ab5c8b12b34b38421241366ee456bbebab9,8c88fd293ce102e1f8fbed3f2e662ee8de4f45bb,0,0,0,1,0,0,0,0.044106406,0
4f410ab5c8b12b34b38421241366ee456bbebab9,095a7ab0e6bdfa54e13ce6875622a0c0e3ca43d7,0,0,0,1,0,0,0,0.074320714,0
4f410ab5c8b12b34b38421241366ee456bbebab9,f75e678e5694730a57c51228f1074920110c3fac,0,0,0,1,0,0,0,0.011622308,0
4f410ab5c8b12b34b38421241366ee456bbebab9,a78b1c7a80bbc5e132d40bddacfa44ce43773445,0,0,0,1,0,0,0,0.03386043,0
5211c32fb5849a14855a91a7ab16cfb83483cc1d,1bf2791b7247da960ddb76b78417fd3ab09a2971,0,3,1,0,0,0,0,0.155484303,0
5211c32fb5849a14855a91a7ab16cfb83483cc1d,6feb388081f456f8967e1c975a26f15df56556e1,0,0,0,1,0,0,0,0.098098753,0
5211c32fb5849a14855a91a7ab16cfb83483cc1d,7207c31fa99b7e18198e9d43bc54d1ee0547b898,0,0,0,1,0,0,0.145874391,0.086035457,0
5211c32fb5849a14855a91a7ab16cfb83483cc1d,1b9eedb53a6ea00cd139f4996c51cdf312e01442,0,0,0,1,0,0,0.077808944,0.074495646,0
5b31e43f8b0490779d8013e0705ae4df8f0488c9,e60967934286f5d4c9f54a9020f7bfb25a130e35,0,2,1,0,0,0.285714286,0.295267555,0.209619804,0.111111111
5b31e43f8b0490779d8013e0705ae4df8f0488c9,0c98d39127f334abe0e5915dbe9fdd00a9390917,0,1,0,1,0,0.027777778,0,0.066319747,0
5b31e43f8b0490779d8013e0705ae4df8f0488c9,021eded7ffb6fe9224a41c50ba00aaa31bf29765,0,0,0,1,0,0.071428571,0.295267555,0.091294363,0
5b31e43f8b0490779d8013e0705ae4df8f0488c9,9fc6060b6e009447f6d18019e61be1c64726a213,0,0,0,1,0,0.023809524,0.344642141,0.134603854,0.111111111
5b31e43f8b0490779d8013e0705ae4df8f0488c9,56f2edaa75456c9d90f5afd470962a589d32466b,0,0,0,1,0,0.021276596,0,0.039953123,0
5b31e43f8b0490779d8013e0705ae4df8f0488c9,0304e94f44032066f01e34d8add0fa47429a3fcb,0,0,0,1,0,0.19047619,0,0.044182113,0
5b31e43f8b0490779d8013e0705ae4df8f0488c9,1ee55e541fca327d265cf0796dca13ca2cf2926e,0,0,0,1,0,0.027777778,0.344642141,0.117948604,0
5b31e43f8b0490779d8013e0705ae4df8f0488c9,e0d1429717d6be45b64b66de28fd918d8cbe0355,0,0,0,1,0,0.022727273,0.344642141,0.209529432,0
5b31e43f8b0490779d8013e0705ae4df8f0488c9,5388cdf31fb45266daaec625c28992726efedd28,0,0,0,1,0,0.015625,0,0.047215959,0
5f9623a2959117dc05f2af3b961fd035a3f22d41,227f124ff2b28ae9732127562bda691532e34087,0,0,0,1,0,0,0.093494775,0.059154746,0.111111111
5f9623a2959117dc05f2af3b961fd035a3f22d41,04538e8875c78fe880da81eab3e04a99328b1d09,0,0,0,1,0,0.176470588,0,0.123969521,0.111111111
66a9896d2eaceeb6e648d3582ca4b2a1df600f9a,db073b550a4d3354a72468903eba2d3c88620b8f,1,2,1,1,0,0.2,0.190874066,0.378669078,0.25
66a9896d2eaceeb6e648d3582ca4b2a1df600f9a,5ff4f203895d52277f10970c58724c19277fa65a,1,1,0,0,0,0.076923077,0.474330706,0.303344075,0.25
66a9896d2eaceeb6e648d3582ca4b2a1df600f9a,7beac20d7f5f953cc2269d9433d7bbaa1367a6f4,0,0,0,1,0,0.041666667,0.206136966,0.103087622,0
66f7d263cb0cab5333b43c0a01b6c721cb1a1d25,03e526b7096f68b11453f95eaf35400d5ad625bc,0,2,1,0,0.25,0,0.105992131,0.229755903,0.111111111
66f7d263cb0cab5333b43c0a01b6c721cb1a1d25,30cb62dd0219301e7234e5ad86c435eedf5cdc92,0,1,0,1,0.2,0.055555556,0,0.084220049,0
66f7d263cb0cab5333b43c0a01b6c721cb1a1d25,81ed50efc7a2198014f4b7374f86edabad42457e,0,1,0,1,1,0.625,0,0.323835841,0.111111111
66f7d263cb0cab5333b43c0a01b6c721cb1a1d25,7980e1e5faf39a2e12a8112631224ab732c3b75c,0,0,0,1,0.111111111,0,0,0.064907238,0.111111111
66f7d263cb0cab5333b43c0a01b6c721cb1a1d25,61e8bedb00d5b0640d4d25603d93f061d54c84e5,0,0,0,1,0.25,0.1,0,0.052295013,0
6768ee693e6dfe45fd3bdc4da515983927d52d49,3c281de897ede3399b838663b6ec7f5ecfdff251,0,1,0,1,0,0,0,0.040664229,0
6768ee693e6dfe45fd3bdc4da515983927d52d49,d08ba6d024e22636e61d759b2201a7cd668782b4,0,1,0,1,0,0,0,0.022122468,0
6768ee693e6dfe45fd3bdc4da515983927d52d49,28ede2d7b117ddb38a1d5b42ce70e74e55ee1ad0,0,1,0,1,0,0,0,0.030562477,0
6768ee693e6dfe45fd3bdc4da515983927d52d49,3a40ff57c5a96f6445675f104d434b42eab6aebf,0,1,0,1,0,0.032258065,0,0.159611932,0
6768ee693e6dfe45fd3bdc4da515983927d52d49,9e894bc1e05b80e2d37c4e66fd3556dd2535dfbb,0,1,0,1,0,0.029411765,0,0.120901069,0
6768ee693e6dfe45fd3bdc4da515983927d52d49,bb13eb440c38db3afacad04ae60ec37525890239,0,1,0,1,0,0.08,0.12735953,0.191665939,0.111111111
6768ee693e6dfe45fd3bdc4da515983927d52d49,06e3b061e1769065c963e2cf3ce81358c4538b2e,0,0,0,1,0,0,0,0.007578553,0
6768ee693e6dfe45fd3bdc4da515983927d52d49,475e53e5654b76478ee78d5586b4820ab9afad93,0,0,0,1,0,0,0,0,0
6768ee693e6dfe45fd3bdc4da515983927d52d49,feb93220a5d96f892360fcb63d33a45fa77512cf,0,0,0,1,0,0,0,0.063278129,0
723f4317f405a8c09d441cefe31ff719890b678c,b87976ecb9aed3e57aa374bd848f6fb3bf754e70,0,3,1,0,0,0.166666667,0.580332985,0.226757868,0
76c452b8934051aef5e91ea66db21d6749f1086c,291b0b2b273cbb00039f4f246154053b2341a017,1,2,1,1,0,0.09375,0.201993092,0.155694769,0.111111111
76c452b8934051aef5e91ea66db21d6749f1086c,d03c15c3932c37623715de0dd3172441942dd6ac,1,2,1,1,0,0.034482759,0.10163067,0.315224378,0.111111111
76c452b8934051aef5e91ea66db21d6749f1086c,86b184b20a4fe56ee195bac6fc94945833c09cca,0,0,0,1,0,0,0.201993092,0.194860792,0.111111111
76c452b8934051aef5e91ea66db21d6749f1086c,d88bae707eec57d4bedf20a7f5bfc0c49db8a2d7,0,0,0,1,0,0,0.159764209,0.114099614,0.111111111
76c452b8934051aef5e91ea66db21d6749f1086c,87c927e3df767fb7d890125799c870a1f9144b26,0,0,0,1,0,0.068965517,0.159764209,0.264187043,0.25
76c452b8934051aef5e91ea66db21d6749f1086c,a43618a02e8d9b9db2e34b2ab766a766bbddc85d,0,0,0,1,0,0.172413793,0,0.126985319,0.111111111
7b95d389bc6affe6a127d53b04bcfd68138f1a1a,c35722a1f8cc7b8d609990f9ee7e93fe2d3e2ad9,0,2,1,0,0,0.136363636,0,0.059931497,0
7c820b98c10d708e91fc0226ca4700fca8f3d871,754d2456d500091d0531c95a2e0c790c0cc50505,0,1,0,1,0,0,0.344642141,0.035464242,0.25
7c820b98c10d708e91fc0226ca4700fca8f3d871,63a4878aa2c5125cc75d669222b1a24a405900fc,0,1,0,1,0,0,0,0.050154065,0.111111111
7c820b98c10d708e91fc0226ca4700fca8f3d871,b5e12de7d3f2a66bfcf10a510f9ac80afb3541c1,0,1,0,1,0,0,0,0.046120511,0.25
7c820b98c10d708e91fc0226ca4700fca8f3d871,3c51ef061f6f908e153f38c0446b301ffc1627cb,0,0,0,1,0,0,0,0.060868058,0
7c820b98c10d708e91fc0226ca4700fca8f3d871,1b38f6b1c2a3fbf0718f6319f7bbcdfa0e239568,0,0,0,1,0,0,0,0.055851794,0
7c820b98c10d708e91fc0226ca4700fca8f3d871,a672f84155defeb684b16651a5f698cc1260ab7f,0,0,0,1,0,0,0,0.016943112,0
7c820b98c10d708e91fc0226ca4700fca8f3d871,066502368061f8f002095c1fb8146e8b379cd595,0,0,0,1,0,0.142857143,0.380872608,0.035425586,0.111111111
7c820b98c10d708e91fc0226ca4700fca8f3d871,686e7cf7801d74f95888af31f784ff288ded083b,0,0,0,1,0,0,0.380872608,0.089164847,0.25
8415e713e801c63c3d7e73434e990ffdaabc99c1,94db635f54d25bdb95edb42185aca93ba53b051b,0,3,1,0,0.5,0.090909091,0.190874066,0.224480366,0.125
8f8139b63a2fc0b3ae8413acaef47acd35a356e0,5a4450ae8a92d7d34131620531ba5e5cb853148b,1,3,1,1,0,0.1,0.450268145,0.221122104,0
8f8139b63a2fc0b3ae8413acaef47acd35a356e0,5026d34eb5dd917a416461939ee76c1303055d42,1,2,1,1,0,0.090909091,0.336096927,0.181838774,0
8f8139b63a2fc0b3ae8413acaef47acd35a356e0,52b5eab895a2d9ae24ea72ca72782974a52f90c4,0,2,1,0,0,0.076923077,0.201993092,0.224309636,0
94db635f54d25bdb95edb42185aca93ba53b051b,8639e396d1cdf07ef206dc1abff07b327f6cdb58,1,3,1,1,0,0.153846154,0.185767959,0.337427564,0
94db635f54d25bdb95edb42185aca93ba53b051b,7cac276a31ffb6a66b3acfed7de8026b835890af,0,2,1,0,0.25,0,0,0.072757802,0.125
94db635f54d25bdb95edb42185aca93ba53b051b,7f6a72caa44e48c4e5a2c226a5cf45f1c5615530,0,2,1,0,0,0.066666667,0.269517613,0.230509358,0
94db635f54d25bdb95edb42185aca93ba53b051b,7207c31fa99b7e18198e9d43bc54d1ee0547b898,0,0,0,1,0,0.08,0.135073484,0.139921387,0
996b5cf724a5151b1fb14da2de8544ded7974b50,c890ccf3b33fa8be4eca7ded0c24bcd61ad10e86,0,0,0,1,0,0,0,0.03340876,0.111111111
996b5cf724a5151b1fb14da2de8544ded7974b50,082aa12d63d6196815ae4ebe24c88a3e9521cdd1,0,0,0,1,0,0.131578947,0.077808944,0.21446705,0.285714286
996b5cf724a5151b1fb14da2de8544ded7974b50,4add8164f2de84223235a6cd8240bdf0fefe2b3f,0,0,0,1,0,0.105263158,0,0.165759518,0
9f3e53326eaef63544fbe6644a22949189f80662,1b9eedb53a6ea00cd139f4996c51cdf312e01442,1,3,1,1,0,0,0,0.105821251,0.111111111
a2c54a729be2e2f46c446cabe70fdb3d38d2a1c6,0a9c1946ca521804a20b898953c212bad058086d,0,0,0,1,0,0.034482759,0.25320945,0.094446206,0
a2c54a729be2e2f46c446cabe70fdb3d38d2a1c6,02ec888235367184342b9d7295ce99b3da6aea10,0,0,0,1,0,0.028571429,0.125366938,0.146126239,0.111111111
a2c54a729be2e2f46c446cabe70fdb3d38d2a1c6,4c4a95645bb719cb53d668cca3b104e529746377,0,0,0,1,0,0,0.137543605,0.123072625,0
a64616e17f55d1874111f55371d7d6f603dfe983,8bb099df35c835048f1bea9ae26a1f24b5a1ec6d,1,3,1,1,0,0.087719298,0.078744603,0.06180361,0
a64616e17f55d1874111f55371d7d6f603dfe983,6091773cdeb12a5f8a1216f61573867613a54bbe,0,1,0,1,0,0.147058824,0.201993092,0.111315021,0
a64616e17f55d1874111f55371d7d6f603dfe983,9bb9147bf110c82eafe14a3a21a97ebafebc584b,0,0,0,1,0,0.064516129,0,0.009661317,0
a64616e17f55d1874111f55371d7d6f603dfe983,3d0adc6fca3a0669c108958c5d5204e2695ea4db,0,0,0,1,0,0.045454545,0.115215543,0.053754747,0
a64616e17f55d1874111f55371d7d6f603dfe983,23f4cd7352a716f11c9eaf009673ddefd0132384,0,0,0,1,0,0.043478261,0,0.022666695,0
a64616e17f55d1874111f55371d7d6f603dfe983,4876b9d79886960e034a5d52adcdad640b363c76,0,0,0,1,0,0,0.225764846,0.075659876,0.111111111
a64616e17f55d1874111f55371d7d6f603dfe983,63c48b1b375e5e3e4abc4a3a61f81bc524761a08,0,0,0,1,0,0.023809524,0.201993092,0.095786521,0
a64616e17f55d1874111f55371d7d6f603dfe983,c68b94298e3fddf8e42819e74ee9c6d005f13b20,0,0,0,1,0,0,0,0.005832049,0
a64616e17f55d1874111f55371d7d6f603dfe983,33f4e91b698a5226955e9e6b62741163c4ffd6c1,0,0,0,1,0,0.055555556,0.201993092,0.100496644,0.111111111
a64616e17f55d1874111f55371d7d6f603dfe983,76d3d111d24391a2fe153e16b1a4d120d9bb7c3d,0,0,0,1,0,0.021276596,0,0.089833835,0
a64616e17f55d1874111f55371d7d6f603dfe983,d21f69ebf93689fd75b24ea86c0ccc33ceb62b1a,0,0,0,1,0,0,0.184431917,0.109175857,0
a64616e17f55d1874111f55371d7d6f603dfe983,87e79beb7976919a76b912c94ff797126981308c,0,0,0,1,0,0,0,0.076581052,0
a64616e17f55d1874111f55371d7d6f603dfe983,96c0540961cf4929b6dca706b54b278d00a40e20,0,0,0,1,0,0.03030303,0,0.037080432,0
a64616e17f55d1874111f55371d7d6f603dfe983,53b57ed777738d8f6d632830baeabef7ccc2df1a,0,0,0,1,0,0,0.150640185,0.056002898,0
a67c03467bcbaa3ef1024a26eb2d127e4c3d22e8,55c5c21f715def30a04229def84e5f6271059063,0,2,1,0,0.25,0.051282051,0.184431917,0.232233249,0.25
a67c03467bcbaa3ef1024a26eb2d127e4c3d22e8,2f643f37a09a70e86ae6a3823bc0a505120c52d5,0,0,0,1,0,0.153846154,0.184431917,0.181776131,0.111111111
a67c03467bcbaa3ef1024a26eb2d127e4c3d22e8,2d004e28721f32f3a7c1e35c9da443311af0757b,0,0,0,1,0,0.04,0.212054963,0.126041982,0.111111111
b59abcfd7dbed8e284c4237c405f912adb1ad4ea,033b62167e7358c429738092109311af696e9137,1,3,1,1,0,0,0.19431434,0.138871621,0
bb13eb440c38db3afacad04ae60ec37525890239,e9c3da7a4b9d51af6f0081d1c1460e1205c27bad,0,2,1,0,0.230769231,0,0,0.124367499,0.111111111
bb13eb440c38db3afacad04ae60ec37525890239,b06167d7425d84dbd0695ac87d367cdae15d4c6d,1,1,0,0,0,0,0,0.058844631,0
bb13eb440c38db3afacad04ae60ec37525890239,7adfdd233b8a1f2407edcf862d81d522a5482553,0,1,0,1,0,0,0,0.06701491,0.111111111
bb13eb440c38db3afacad04ae60ec37525890239,bd70cceb966f1480cf64397ed0b3541ddd1dd0a9,0,1,0,1,0,0,0,0.067449847,0
bb13eb440c38db3afacad04ae60ec37525890239,377617c545f276d1f063eeff15679522bc57f9dc,0,1,0,1,0,0,0,0.079593962,0.111111111
bb13eb440c38db3afacad04ae60ec37525890239,95c7d37dfdf10f9c9c78fc3d3af5e85c2974b6d7,0,1,0,1,0.1,0,0,0.08824088,0.111111111
ee7e21dd09949a5a53b39c13fca9cd3d55e2bc50,2671bf82168234a25fce7950e0527eb03b201e0c,1,3,1,1,0,0.074074074,0.144383555,0.221762827,0.25
ee7e21dd09949a5a53b39c13fca9cd3d55e2bc50,5040bfbcf3cfea2e8d876bbb75877fa73558e120,1,1,0,0,0,0.019230769,0,0.017250263,0
ee7e21dd09949a5a53b39c13fca9cd3d55e2bc50,b9eea85e590f6e522e3681b8e45012684c60b0fd,0,0,0,1,0,0.029411765,0,0.170977116,0
ee7e21dd09949a5a53b39c13fca9cd3d55e2bc50,90146f35a26eec06cdd3aa7c5c4a23344a24dca1,0,0,0,1,0,0.125,0,0.187234456,0
