ACLId,SSId,CitedByACL,CitedBySS,Label
A00-1043,5f9623a2959117dc05f2af3b961fd035a3f22d41,C00-2140,227f124ff2b28ae9732127562bda691532e34087,0
A00-1043,5f9623a2959117dc05f2af3b961fd035a3f22d41,P02-1057,04538e8875c78fe880da81eab3e04a99328b1d09,0
A97-1011,11494bc3a26a930db29901ec4f81b986266d9952,W09-1118,c4524f0faa48a9f2d0dee97f12b3cbdd34046aff,1
A97-1011,11494bc3a26a930db29901ec4f81b986266d9952,A00-2017,48e261bb04ce9d76c4bbf6d3843e31663798d4a9,1
A97-1011,11494bc3a26a930db29901ec4f81b986266d9952,C00-2099,07f070c18fa4527260da85f85a5eed94203920e6,0
A97-1011,11494bc3a26a930db29901ec4f81b986266d9952,W04-1505,49a98f37c509d65b041d077efda9505970f61528,0
A97-1011,11494bc3a26a930db29901ec4f81b986266d9952,P99-1033,434a15ce9ee8e0fa60a982dc86686b8b1a7dbfae,0
A97-1011,11494bc3a26a930db29901ec4f81b986266d9952,W06-0202,4fd223b585bab9e0cc1fc156f3cea9fd85f325a5,3
A97-1011,11494bc3a26a930db29901ec4f81b986266d9952,P01-1006,12fba006c9dfd3521ae4e22eec8bae586819d817,3
A97-1011,11494bc3a26a930db29901ec4f81b986266d9952,E12-1072,ef816626858b53f2964e67ef19a716330860c2ea,0
C00-1072,0024356dbbb46b20a2b4df71f7cc03dfa8818139,C02-1130,198b711915429fa55162e749a0b964755b36a62e,2
C00-1072,0024356dbbb46b20a2b4df71f7cc03dfa8818139,C04-1077,ff2d41298dcf295e1661ebf469572f8d799306ab,1
C00-1072,0024356dbbb46b20a2b4df71f7cc03dfa8818139,C08-1021,ba03b36abc133bad0b0692ea904e5a26ffbb8de7,1
C00-1072,0024356dbbb46b20a2b4df71f7cc03dfa8818139,C08-1124,d0c92b106f758b045643a1ea8a82864bece2bfb6,1
C00-1072,0024356dbbb46b20a2b4df71f7cc03dfa8818139,D08-1080,b1b52688d331e5f697c875846a8218e7897ca2c4,0
C00-1072,0024356dbbb46b20a2b4df71f7cc03dfa8818139,D09-1032,16239b4b9b9215f30e522f01543fe7583033a690,1
C00-1072,0024356dbbb46b20a2b4df71f7cc03dfa8818139,E09-1062,109acf0456a990eb4a0c20daff21382921d5dc5f,0
C00-1072,0024356dbbb46b20a2b4df71f7cc03dfa8818139,I08-1016,66e21c4a46551429b15fd329f6bf0e5440b376c8,0
C00-1072,0024356dbbb46b20a2b4df71f7cc03dfa8818139,J10-1003,b9681cd07ce0590aaaa8bb0f0d417413a0cede9c,0
C00-1072,0024356dbbb46b20a2b4df71f7cc03dfa8818139,J11-1001,a9ec5b5030d34d6cec60f52232999cc4ff9c63c7,0
C00-1072,0024356dbbb46b20a2b4df71f7cc03dfa8818139,P02-1058,9c1a028299cc2b7f4cbdbe6e19abfc844a6ead6b,2
C00-1072,0024356dbbb46b20a2b4df71f7cc03dfa8818139,P05-1026,107cb16eadc88d4e4f6cab55a41b293e0539dd1e,0
C00-1072,0024356dbbb46b20a2b4df71f7cc03dfa8818139,P06-1015,0aacc118744a102db0782da73b1592d0e567d960,0
C00-1072,0024356dbbb46b20a2b4df71f7cc03dfa8818139,P06-4007,66861e303573478d20dc030812bae465dc85a7cf,0
C00-1072,0024356dbbb46b20a2b4df71f7cc03dfa8818139,P07-1070,67f43d5a3ea4ce89a8b10d1fe55c4a65003cc722,0
C00-1072,0024356dbbb46b20a2b4df71f7cc03dfa8818139,P08-1090,74f61af390292fc197659ae698429df4a2de62df,0
C00-1072,0024356dbbb46b20a2b4df71f7cc03dfa8818139,P08-1092,d611b13867603b3af9c333423f5e9cb594cec758,0
C00-1072,0024356dbbb46b20a2b4df71f7cc03dfa8818139,P09-1023,418bff91d4ce3cad70ee7288568d4c2cac3ac4cc,0
C00-1072,0024356dbbb46b20a2b4df71f7cc03dfa8818139,P09-2030,3e6f0453a175e40430eb530dc4f2e7f2aa386f43,0
C00-1072,0024356dbbb46b20a2b4df71f7cc03dfa8818139,P10-1094,745442386c51d1cedae3a09a14781c941a36b306,0
C00-1072,0024356dbbb46b20a2b4df71f7cc03dfa8818139,P11-1155,ed2e60f027b03bec109d5cd047c9178b8f8259e1,0
C02-1025,2640913656089380ffdd697b141b838a8f214909,C10-2104,59ed3521300fd9ffe20afadd1ce6d46d4c6606a1,0
C02-1025,2640913656089380ffdd697b141b838a8f214909,P03-1028,544a0fa1107df1423db05070182f213053003040,3
C02-1025,2640913656089380ffdd697b141b838a8f214909,P05-1045,4f410ab5c8b12b34b38421241366ee456bbebab9,0
C02-1025,2640913656089380ffdd697b141b838a8f214909,P05-1051,3cdf3459d3f4fa134ff2924fee9570674bf45bdd,0
C02-1025,2640913656089380ffdd697b141b838a8f214909,P06-1089,31d2eaefe047a4302e0a5dfa090a37b9f1c79699,0
C02-1025,2640913656089380ffdd697b141b838a8f214909,P06-1141,29c7fb312431f77aa369937959f26f292dfa27d6,1
H05-1079,a64616e17f55d1874111f55371d7d6f603dfe983,C08-1028,9bb9147bf110c82eafe14a3a21a97ebafebc584b,0
H05-1079,a64616e17f55d1874111f55371d7d6f603dfe983,C08-2001,184006b52a47c704e814d28fd28b7bd354061a47,0
H05-1079,a64616e17f55d1874111f55371d7d6f603dfe983,D10-1074,3d0adc6fca3a0669c108958c5d5204e2695ea4db,0
H05-1079,a64616e17f55d1874111f55371d7d6f603dfe983,J07-3004,23f4cd7352a716f11c9eaf009673ddefd0132384,0
H05-1079,a64616e17f55d1874111f55371d7d6f603dfe983,N06-1005,57aa9ebe71a8f03f61ad0fb67d4700807d783089,2
H05-1079,a64616e17f55d1874111f55371d7d6f603dfe983,N06-1006,6091773cdeb12a5f8a1216f61573867613a54bbe,1
H05-1079,a64616e17f55d1874111f55371d7d6f603dfe983,N10-1146,4876b9d79886960e034a5d52adcdad640b363c76,0
H05-1079,a64616e17f55d1874111f55371d7d6f603dfe983,P06-1051,63c48b1b375e5e3e4abc4a3a61f81bc524761a08,0
H05-1079,a64616e17f55d1874111f55371d7d6f603dfe983,P06-2105,9a4cd0873a3e204207dd1f82c9fcd8e8453416e5,0
H05-1079,a64616e17f55d1874111f55371d7d6f603dfe983,P11-1059,c68b94298e3fddf8e42819e74ee9c6d005f13b20,0
H05-1079,a64616e17f55d1874111f55371d7d6f603dfe983,P12-3013,33f4e91b698a5226955e9e6b62741163c4ffd6c1,0
H05-1079,a64616e17f55d1874111f55371d7d6f603dfe983,Q13-1015,3822f043d6288ada3bf05b4f4c649593dbc09c71,0
H05-1079,a64616e17f55d1874111f55371d7d6f603dfe983,S12-1082,76d3d111d24391a2fe153e16b1a4d120d9bb7c3d,0
H05-1079,a64616e17f55d1874111f55371d7d6f603dfe983,S12-1108,d21f69ebf93689fd75b24ea86c0ccc33ceb62b1a,0
H05-1079,a64616e17f55d1874111f55371d7d6f603dfe983,S13-1002,8bb099df35c835048f1bea9ae26a1f24b5a1ec6d,3
H05-1079,a64616e17f55d1874111f55371d7d6f603dfe983,S13-1014,87e79beb7976919a76b912c94ff797126981308c,0
H05-1079,a64616e17f55d1874111f55371d7d6f603dfe983,W06-1621,96c0540961cf4929b6dca706b54b278d00a40e20,0
H05-1079,a64616e17f55d1874111f55371d7d6f603dfe983,W08-2004,53b57ed777738d8f6d632830baeabef7ccc2df1a,0
H05-1079,a64616e17f55d1874111f55371d7d6f603dfe983,W11-0112,008b00799129ae0f9f35b8967ec9af9c3597a195,0
I05-2038,bb13eb440c38db3afacad04ae60ec37525890239,C10-1076,b06167d7425d84dbd0695ac87d367cdae15d4c6d,1
I05-2038,bb13eb440c38db3afacad04ae60ec37525890239,C10-1088,7adfdd233b8a1f2407edcf862d81d522a5482553,1
I05-2038,bb13eb440c38db3afacad04ae60ec37525890239,D09-1157,bd70cceb966f1480cf64397ed0b3541ddd1dd0a9,1
I05-2038,bb13eb440c38db3afacad04ae60ec37525890239,N10-1004,377617c545f276d1f063eeff15679522bc57f9dc,1
I05-2038,bb13eb440c38db3afacad04ae60ec37525890239,P06-1128,95c7d37dfdf10f9c9c78fc3d3af5e85c2974b6d7,1
I05-2038,bb13eb440c38db3afacad04ae60ec37525890239,P06-4005,e9c3da7a4b9d51af6f0081d1c1460e1205c27bad,2
J02-3001,04a8d271bc4384dbfbb417bfb625feb01cb44666,C04-1018,303515056a2a89119924693dcc9dec31007f329e,0
J02-3001,04a8d271bc4384dbfbb417bfb625feb01cb44666,D08-1094,98f4a8d8407f3918f98ee2889347b11191cf411c,0
J02-3001,04a8d271bc4384dbfbb417bfb625feb01cb44666,E03-1040,48f2a5e67c5f5417ea895ec419e49cf3ea443610,0
J02-3001,04a8d271bc4384dbfbb417bfb625feb01cb44666,P04-1043,586fb3f66b786502dd706aa8633d3ed7b66b445f,1
J02-3001,04a8d271bc4384dbfbb417bfb625feb01cb44666,P07-1071,03539fc7a0dada577db3fc9bc2b3c8e091877108,2
J96-1002,4af182338ee63754d4569c26cb6a5c3bbdd8cf2a,A00-1019,2f2b4cb71794cea7e3e5ded5755615263740eec2,0
J96-1002,4af182338ee63754d4569c26cb6a5c3bbdd8cf2a,A00-2026,2540b651519f631ab62b609b1acbfdb6d774fd3a,2
J96-1002,4af182338ee63754d4569c26cb6a5c3bbdd8cf2a,A00-2031,6b800696ce3c451fa443061b928d791fa6c375ed,0
J96-1002,4af182338ee63754d4569c26cb6a5c3bbdd8cf2a,A97-1056,28e11a77bf6670984c6f1753ff41ec5046fc040b,0
J96-1002,4af182338ee63754d4569c26cb6a5c3bbdd8cf2a,C00-1060,7b44764720745ee5dd6f8027c87758450716d22c,0
J96-1002,4af182338ee63754d4569c26cb6a5c3bbdd8cf2a,C00-1061,041aeebaddfbfb52832517e8dd50be7051e22de6,0
J96-1002,4af182338ee63754d4569c26cb6a5c3bbdd8cf2a,C00-1064,7a1a11271026dbafe81bb1f601da383eb8ecd398,1
J96-1002,4af182338ee63754d4569c26cb6a5c3bbdd8cf2a,C00-2124,62bbaecf19f4b34567dd3f696e73b8fd922f9fdd,0
J96-1002,4af182338ee63754d4569c26cb6a5c3bbdd8cf2a,C02-1064,cbeaae24abba19d86eb3a671ba750648ff05986b,1
J96-1002,4af182338ee63754d4569c26cb6a5c3bbdd8cf2a,D07-1019,9cfbd1641866f0693689ca6f87f7c6a0cb89f296,1
J96-1002,4af182338ee63754d4569c26cb6a5c3bbdd8cf2a,D07-1051,d2629414371b1dd0160cb42ad529feb89dc6ea00,1
J96-1002,4af182338ee63754d4569c26cb6a5c3bbdd8cf2a,C10-3004,ebd03c093df7ec30a2a360b377e85b6f00ecb96f,0
J96-1002,4af182338ee63754d4569c26cb6a5c3bbdd8cf2a,P05-1020,38623c0273a0b2cec32fc797aaa99b8aef3c4472,0
J96-1002,4af182338ee63754d4569c26cb6a5c3bbdd8cf2a,P10-1142,1fcc320fb6eacf12b00ce4f415be8eadf6cb3c9e,0
J96-1002,4af182338ee63754d4569c26cb6a5c3bbdd8cf2a,P98-2214,71c026712cdeee7097f736fc579723c914d6f82d,2
J96-1002,4af182338ee63754d4569c26cb6a5c3bbdd8cf2a,P99-1069,463dbd690d912b23d29b7581fb6b253b36f50394,0
J96-1002,4af182338ee63754d4569c26cb6a5c3bbdd8cf2a,P02-1002,29d64e9a57d6ba1b59cf19dc8d55fd214c3b55ab,0
J96-1002,4af182338ee63754d4569c26cb6a5c3bbdd8cf2a,P05-1066,555e1d6ecc7af031f29b0225bdca06d4a6da77ed,0
J96-1002,4af182338ee63754d4569c26cb6a5c3bbdd8cf2a,W00-0707,0872d24316ca0444279e23f1d686be37d9c5294d,1
J96-1002,4af182338ee63754d4569c26cb6a5c3bbdd8cf2a,W02-0813,63799c4850df5a60cbe8763cff9b1ffe5e27ae3c,1
J96-1002,4af182338ee63754d4569c26cb6a5c3bbdd8cf2a,W96-0213,24beb987b722d4a25d3157a43000e685aa8f8874,0
N03-1028,5b31e43f8b0490779d8013e0705ae4df8f0488c9,C04-1081,021eded7ffb6fe9224a41c50ba00aaa31bf29765,0
N03-1028,5b31e43f8b0490779d8013e0705ae4df8f0488c9,C08-1094,0c98d39127f334abe0e5915dbe9fdd00a9390917,1
N03-1028,5b31e43f8b0490779d8013e0705ae4df8f0488c9,C08-1106,e60967934286f5d4c9f54a9020f7bfb25a130e35,2
N03-1028,5b31e43f8b0490779d8013e0705ae4df8f0488c9,C08-1113,9fc6060b6e009447f6d18019e61be1c64726a213,0
N03-1028,5b31e43f8b0490779d8013e0705ae4df8f0488c9,C10-1082,56f2edaa75456c9d90f5afd470962a589d32466b,0
N03-1028,5b31e43f8b0490779d8013e0705ae4df8f0488c9,P03-1064,0304e94f44032066f01e34d8add0fa47429a3fcb,0
N03-1028,5b31e43f8b0490779d8013e0705ae4df8f0488c9,P10-1038,4391127b0f7b48cb88ba5d7b0a182260f7f9d753,1
N03-1028,5b31e43f8b0490779d8013e0705ae4df8f0488c9,W05-0622,1ee55e541fca327d265cf0796dca13ca2cf2926e,0
N03-1028,5b31e43f8b0490779d8013e0705ae4df8f0488c9,W06-1655,e0d1429717d6be45b64b66de28fd918d8cbe0355,0
N03-1028,5b31e43f8b0490779d8013e0705ae4df8f0488c9,W10-2923,5388cdf31fb45266daaec625c28992726efedd28,0
N04-4028,1bb9aaeb2b600a4e93e453228ed8844ffd45f6b6,C04-1081,021eded7ffb6fe9224a41c50ba00aaa31bf29765,1
N04-4028,1bb9aaeb2b600a4e93e453228ed8844ffd45f6b6,D07-1068,3e459c01bb2282664eca93e7a4e8000a729f1d18,0
N04-4028,1bb9aaeb2b600a4e93e453228ed8844ffd45f6b6,D08-1070,09afa9d5fec24b9b4ea42abf85bf6799d5d918a3,0
N04-4028,1bb9aaeb2b600a4e93e453228ed8844ffd45f6b6,D10-1095,2b014e038dd1e7267c7f7cb7a56b39d21b4f2468,0
N04-4028,1bb9aaeb2b600a4e93e453228ed8844ffd45f6b6,N06-1038,69dec697bbda636851f02e328c59eb11da4afe01,2
N04-4028,1bb9aaeb2b600a4e93e453228ed8844ffd45f6b6,P08-1004,48e222ca4046007c58f425cc05aa31dbbe8f540a,1
N04-4028,1bb9aaeb2b600a4e93e453228ed8844ffd45f6b6,P09-1015,83c3456db7b191429038e5d282859d87aa383ff5,0
N04-4028,1bb9aaeb2b600a4e93e453228ed8844ffd45f6b6,P10-1038,4391127b0f7b48cb88ba5d7b0a182260f7f9d753,1
N04-4028,1bb9aaeb2b600a4e93e453228ed8844ffd45f6b6,P11-1149,130d02b4767018cafd20fd7ebfb0a374d41e7d52,0
N06-1040,996b5cf724a5151b1fb14da2de8544ded7974b50,C08-5001,7026fd572f749c367b18fe6879e85d2f88ae1f96,0
N06-1040,996b5cf724a5151b1fb14da2de8544ded7974b50,C10-1007,c890ccf3b33fa8be4eca7ded0c24bcd61ad10e86,0
N06-1040,996b5cf724a5151b1fb14da2de8544ded7974b50,D08-1091,082aa12d63d6196815ae4ebe24c88a3e9521cdd1,0
N06-1040,996b5cf724a5151b1fb14da2de8544ded7974b50,N07-1051,4add8164f2de84223235a6cd8240bdf0fefe2b3f,0
P01-1048,66f7d263cb0cab5333b43c0a01b6c721cb1a1d25,N03-2018,30cb62dd0219301e7234e5ad86c435eedf5cdc92,1
P01-1048,66f7d263cb0cab5333b43c0a01b6c721cb1a1d25,N04-1026,03e526b7096f68b11453f95eaf35400d5ad625bc,2
P01-1048,66f7d263cb0cab5333b43c0a01b6c721cb1a1d25,W01-1610,81ed50efc7a2198014f4b7374f86edabad42457e,1
P01-1048,66f7d263cb0cab5333b43c0a01b6c721cb1a1d25,W03-0205,7980e1e5faf39a2e12a8112631224ab732c3b75c,0
P01-1048,66f7d263cb0cab5333b43c0a01b6c721cb1a1d25,W03-0409,61e8bedb00d5b0640d4d25603d93f061d54c84e5,0
P02-1031,334d11e0d04ae895bac97a65a64137f21c4f8b80,P03-1002,18d04fa815cbc9e7a2eeab189a4d7388cb43b0cb,3
P02-1046,2911f7ec4eb6200ac2da8db5d0792745dfa2dc4a,W04-2405,08240b716eb2d63d78998e738531502283901b89,1
P02-1053,033b62167e7358c429738092109311af696e9137,P06-2079,658e4cca762ef94bcf5c79416d13ce5ecc58b76e,1
P02-1053,033b62167e7358c429738092109311af696e9137,P07-1056,94db635f54d25bdb95edb42185aca93ba53b051b,0
P02-1057,04538e8875c78fe880da81eab3e04a99328b1d09,P13-1151,911d79afaf3ca3e3b9634ec6ed16de450cce0c8c,0
P03-1002,18d04fa815cbc9e7a2eeab189a4d7388cb43b0cb,P07-1075,5d2ddf59f4abd2980bb14d768be0f96cdd3c5929,0
P03-1002,18d04fa815cbc9e7a2eeab189a4d7388cb43b0cb,P13-1058,b2b0e5d8694658ead22827053ed01f6e50bd3e0e,0
P03-1002,18d04fa815cbc9e7a2eeab189a4d7388cb43b0cb,N04-1030,90edb0f07d0c308e5d609b2ba378ae1bf06f104f,3
P03-1054,18b534c7207a1376fa92e87fe0d2cfb358d98c51,C04-1097,e4f6b8046d5490642902a48b61ba4d52559cbdff,1
P03-1054,18b534c7207a1376fa92e87fe0d2cfb358d98c51,C04-1097,e4f6b8046d5490642902a48b61ba4d52559cbdff,0
P03-1069,76c452b8934051aef5e91ea66db21d6749f1086c,C04-1108,86b184b20a4fe56ee195bac6fc94945833c09cca,0
P03-1069,76c452b8934051aef5e91ea66db21d6749f1086c,C10-2105,d88bae707eec57d4bedf20a7f5bfc0c49db8a2d7,0
P03-1069,76c452b8934051aef5e91ea66db21d6749f1086c,C10-2170,87c927e3df767fb7d890125799c870a1f9144b26,0
P03-1069,76c452b8934051aef5e91ea66db21d6749f1086c,D07-1009,291b0b2b273cbb00039f4f246154053b2341a017,2
P03-1069,76c452b8934051aef5e91ea66db21d6749f1086c,P04-1050,a43618a02e8d9b9db2e34b2ab766a766bbddc85d,0
P03-1069,76c452b8934051aef5e91ea66db21d6749f1086c,P13-2016,d03c15c3932c37623715de0dd3172441942dd6ac,2
P04-1015,41828fc3dab24784f95e6976e8aaa73f68e1840e,C08-2012,d95b049b992682e29f186a7823bebed785993ec9,0
P04-1015,41828fc3dab24784f95e6976e8aaa73f68e1840e,D07-1009,291b0b2b273cbb00039f4f246154053b2341a017,0
P04-1015,41828fc3dab24784f95e6976e8aaa73f68e1840e,E06-1011,7bfbabdc800f70eb4efa60e64b91044aad23c4a8,0
P04-1015,41828fc3dab24784f95e6976e8aaa73f68e1840e,P05-1023,348a4a34f934692c58751b0284c5cfeb8f0c96f2,2
P04-1015,41828fc3dab24784f95e6976e8aaa73f68e1840e,P06-1096,10d21ca7728cb3dd15731accedda9ea711d8a0f4,0
P04-1015,41828fc3dab24784f95e6976e8aaa73f68e1840e,P11-1069,1b4aa9377a6e3d717a369bc21e13662c65890b4c,1
P04-1015,41828fc3dab24784f95e6976e8aaa73f68e1840e,J07-4004,03001cea1ef5aadd0330544acb6fcbaa68825697,0
P04-1054,66a9896d2eaceeb6e648d3582ca4b2a1df600f9a,C08-1088,5ff4f203895d52277f10970c58724c19277fa65a,1
P04-1054,66a9896d2eaceeb6e648d3582ca4b2a1df600f9a,P06-1104,db073b550a4d3354a72468903eba2d3c88620b8f,2
P04-1054,66a9896d2eaceeb6e648d3582ca4b2a1df600f9a,P08-2023,7beac20d7f5f953cc2269d9433d7bbaa1367a6f4,0
P06-1114,a2c54a729be2e2f46c446cabe70fdb3d38d2a1c6,S12-1065,0a9c1946ca521804a20b898953c212bad058086d,0
P06-1114,a2c54a729be2e2f46c446cabe70fdb3d38d2a1c6,C10-1087,02ec888235367184342b9d7295ce99b3da6aea10,0
P06-1114,a2c54a729be2e2f46c446cabe70fdb3d38d2a1c6,P08-1081,4c4a95645bb719cb53d668cca3b104e529746377,0
P07-1033,4b7c8063892ca57131bd71b9c839d970ee8b0226,C08-1003,82ea0ff74d598b60fad4e9a6737280651870c2b5,1
P07-1033,4b7c8063892ca57131bd71b9c839d970ee8b0226,C10-1145,6190613c9f9544b2dcf0001781a049ddb9cd1f4b,1
P07-1033,4b7c8063892ca57131bd71b9c839d970ee8b0226,J11-3002,438bdd869cc2d43aaceb11268590c5c308e5ff01,1
P07-1033,4b7c8063892ca57131bd71b9c839d970ee8b0226,P10-2056,3a6ab7283f02ebf4f6f33ca82f4da32f479ce9c8,3
P07-1033,4b7c8063892ca57131bd71b9c839d970ee8b0226,P13-2012,2c41fb6c7a1297a09a045f8c8f4fbba8800229a3,1
P07-1056,94db635f54d25bdb95edb42185aca93ba53b051b,C08-1135,7207c31fa99b7e18198e9d43bc54d1ee0547b898,0
P07-1056,94db635f54d25bdb95edb42185aca93ba53b051b,P08-2059,7cac276a31ffb6a66b3acfed7de8026b835890af,2
P07-1056,94db635f54d25bdb95edb42185aca93ba53b051b,P08-2065,7f6a72caa44e48c4e5a2c226a5cf45f1c5615530,2
P07-1056,94db635f54d25bdb95edb42185aca93ba53b051b,P11-1014,8639e396d1cdf07ef206dc1abff07b327f6cdb58,3
P08-2026,00fdd251797ea47f7273256df48495dd15516105,P11-2049,c8d0996ea761a2d002fe075fe2792622ba607ebb,0
P09-1113,8f8139b63a2fc0b3ae8413acaef47acd35a356e0,D10-1099,5026d34eb5dd917a416461939ee76c1303055d42,2
P09-1113,8f8139b63a2fc0b3ae8413acaef47acd35a356e0,P12-1076,5a4450ae8a92d7d34131620531ba5e5cb853148b,3
P09-1113,8f8139b63a2fc0b3ae8413acaef47acd35a356e0,N13-1008,52b5eab895a2d9ae24ea72ca72782974a52f90c4,2
P11-2071,a67c03467bcbaa3ef1024a26eb2d127e4c3d22e8,D12-1003,977b4c20e664024c2023425183b64929f6711078,1
P11-2071,a67c03467bcbaa3ef1024a26eb2d127e4c3d22e8,D12-1025,2f643f37a09a70e86ae6a3823bc0a505120c52d5,0
P11-2071,a67c03467bcbaa3ef1024a26eb2d127e4c3d22e8,D13-1109,55c5c21f715def30a04229def84e5f6271059063,2
P11-2071,a67c03467bcbaa3ef1024a26eb2d127e4c3d22e8,P13-2072,2d004e28721f32f3a7c1e35c9da443311af0757b,0
P94-1013,430bc5a502f7bdda8ac317e746af0f1088b0b8aa,W95-0104,156d1400fa61c92f81049da0122b2e59963c2986,3
P95-1026,5211c32fb5849a14855a91a7ab16cfb83483cc1d,W99-0613,1a0a415178d20754418987e312681f3fb0b40257,3
P95-1026,5211c32fb5849a14855a91a7ab16cfb83483cc1d,P02-1046,2911f7ec4eb6200ac2da8db5d0792745dfa2dc4a,3
P95-1026,5211c32fb5849a14855a91a7ab16cfb83483cc1d,J04-3004,1bf2791b7247da960ddb76b78417fd3ab09a2971,3
P95-1026,5211c32fb5849a14855a91a7ab16cfb83483cc1d,P01-1008,6feb388081f456f8967e1c975a26f15df56556e1,0
P95-1026,5211c32fb5849a14855a91a7ab16cfb83483cc1d,C08-1135,7207c31fa99b7e18198e9d43bc54d1ee0547b898,0
P95-1026,5211c32fb5849a14855a91a7ab16cfb83483cc1d,P07-1125,1b9eedb53a6ea00cd139f4996c51cdf312e01442,0
P96-1025,3764baa7465201f054083d02b58fa75f883c4461,A00-2015,48790b95fbda08e7bedd0dec98dd5921d0f42cfb,1
P96-1025,3764baa7465201f054083d02b58fa75f883c4461,A97-1004,66fd5b0322503edc0c0dff8529cf9f60c6b546a0,0
P96-1025,3764baa7465201f054083d02b58fa75f883c4461,C00-1017,067e2572dacf3e16275e594d383b9dfdc821f472,0
P96-1025,3764baa7465201f054083d02b58fa75f883c4461,C00-1029,00185e94af48e793072e9aef5eb7b40881a5b8bb,0
P96-1025,3764baa7465201f054083d02b58fa75f883c4461,C00-1043,53073cf42228f7e1d23c513eb474c7e599f82c02,1
P96-1025,3764baa7465201f054083d02b58fa75f883c4461,C00-1051,b8f7d6ac7b5b91d09fa01940f3540682e6ec303f,1
P96-1025,3764baa7465201f054083d02b58fa75f883c4461,C00-2141,5ac237da97e1861685073e871c5cee329963a917,0
P96-1025,3764baa7465201f054083d02b58fa75f883c4461,C00-2146,5c812d543e9de27c2f314f4b677ed10eb0b4c944,0
P96-1025,3764baa7465201f054083d02b58fa75f883c4461,C02-1112,32a3e0c6afa7c7c55d2508884659455b6b0d0a61,1
P96-1025,3764baa7465201f054083d02b58fa75f883c4461,E03-1051,2821ad486fd2cb062b268dd5e528bd99d9fa6ce2,0
P96-1025,3764baa7465201f054083d02b58fa75f883c4461,E06-1012,4b633e381951df7d010c3751b42793550e04b7d7,2
P96-1025,3764baa7465201f054083d02b58fa75f883c4461,E09-1097,6e8e2acedc133c7664ad1455f39675d4d07a1017,2
P96-1025,3764baa7465201f054083d02b58fa75f883c4461,E99-1025,c6357d3f76e2610b43b4ec3db83e4a3371c30323,0
P96-1025,3764baa7465201f054083d02b58fa75f883c4461,J06-2003,4274016dfe32971fcb5bb2043b35555f6fcf91c9,1
P96-1025,3764baa7465201f054083d02b58fa75f883c4461,J08-3003,2067918ece05f0a6adafaa685799e645d7878ee8,2
P96-1025,3764baa7465201f054083d02b58fa75f883c4461,J11-3004,7decf730e2bce5efe7ea55a9b716a3a27436f16c,3
P96-1025,3764baa7465201f054083d02b58fa75f883c4461,M98-1009,d1b63980781545e76e4b74eca493ca4b4fe07b9f,1
P96-1025,3764baa7465201f054083d02b58fa75f883c4461,P10-1002,763a31180898fe7e64f2e682c5b901ef43998872,2
P96-1025,3764baa7465201f054083d02b58fa75f883c4461,P11-2123,649d9c33adba8d3483a34df09462b50a936a092e,0
P97-1003,10007391361e17f41aa92f3430c00830dff3be6a,P98-1091,2f3d5a1edf8a6ec497ad6eaedeebc287db9a8bca,0
P97-1003,10007391361e17f41aa92f3430c00830dff3be6a,P98-1106,056cddb2e8637997f0fd1fb39d3d0acecfc2ff82,1
P97-1003,10007391361e17f41aa92f3430c00830dff3be6a,P98-2148,2112dc2a386d958102e4b2311c1daba6d4a83038,0
P97-1003,10007391361e17f41aa92f3430c00830dff3be6a,P98-2234,76a33390d1a144312d0c1122ea707e0487e21c96,0
P97-1003,10007391361e17f41aa92f3430c00830dff3be6a,P99-1059,33287b031a04952007edf273df9cd30c4d53b3b8,1
P97-1003,10007391361e17f41aa92f3430c00830dff3be6a,P99-1065,0cb912b4a208b217c45d57e28fc0f59599f92330,3
P97-1003,10007391361e17f41aa92f3430c00830dff3be6a,P00-1058,180c660a65c17b04a7f933191976280867527747,2
P97-1003,10007391361e17f41aa92f3430c00830dff3be6a,P00-1060,115c896f53bde675fbd8e43b79a1960f52d5e881,0
P97-1003,10007391361e17f41aa92f3430c00830dff3be6a,P00-1061,024a02a1939c26aec9237dab14f841a639d2fc9a,0
P97-1003,10007391361e17f41aa92f3430c00830dff3be6a,P00-1065,8ff36cfbb8ccf3cc18b4eddf2ef20d655f6f9525,1
P97-1003,10007391361e17f41aa92f3430c00830dff3be6a,P02-1018,c37a1e4e9d453fe6960e20bb3e0c89f16e1f0766,0
P97-1003,10007391361e17f41aa92f3430c00830dff3be6a,P02-1031,334d11e0d04ae895bac97a65a64137f21c4f8b80,1
P97-1003,10007391361e17f41aa92f3430c00830dff3be6a,P02-1043,220a47b587d1a5f4a464a04a4e06366059debeba,2
P97-1003,10007391361e17f41aa92f3430c00830dff3be6a,P03-1002,18d04fa815cbc9e7a2eeab189a4d7388cb43b0cb,1
P97-1003,10007391361e17f41aa92f3430c00830dff3be6a,P03-1013,3081ec59edf33adb3bb5fd4ead6698398654c05e,3
P97-1003,10007391361e17f41aa92f3430c00830dff3be6a,P03-1055,102bbe5219221ebd441ca9466c960c909a4b7130,2
P97-1003,10007391361e17f41aa92f3430c00830dff3be6a,P04-1043,586fb3f66b786502dd706aa8633d3ed7b66b445f,1
P97-1003,10007391361e17f41aa92f3430c00830dff3be6a,P04-1047,1bcab843f26e3a6a5d9cb78f7d8eca34bab3b3fd,0
P97-1003,10007391361e17f41aa92f3430c00830dff3be6a,P04-1082,a41a778ee93381e9bd301bfcaad6538099d40425,0
P97-1003,10007391361e17f41aa92f3430c00830dff3be6a,P05-1006,069b288576968e21f6b1b9613360b5b8515ec256,1
P97-1003,10007391361e17f41aa92f3430c00830dff3be6a,P05-1018,649ed04185b4033ae61b730d33fa1ec3ef527f22,1
P97-1023,b59abcfd7dbed8e284c4237c405f912adb1ad4ea,P02-1053,033b62167e7358c429738092109311af696e9137,3
W01-0521,ee7e21dd09949a5a53b39c13fca9cd3d55e2bc50,P04-1014,b9eea85e590f6e522e3681b8e45012684c60b0fd,0
W01-0521,ee7e21dd09949a5a53b39c13fca9cd3d55e2bc50,P06-1043,2671bf82168234a25fce7950e0527eb03b201e0c,3
W01-0521,ee7e21dd09949a5a53b39c13fca9cd3d55e2bc50,P10-1036,5040bfbcf3cfea2e8d876bbb75877fa73558e120,1
W01-0521,ee7e21dd09949a5a53b39c13fca9cd3d55e2bc50,W05-1516,90146f35a26eec06cdd3aa7c5c4a23344a24dca1,0
W01-0521,ee7e21dd09949a5a53b39c13fca9cd3d55e2bc50,D09-1085,c09dab49ed2aea6da6e0e57409c51c81e8bb97ab,0
W02-1001,3b8e7c8220d3883d54960d896a73045f3c70ac17,W03-0422,08dcafc57bd643f8f50ae43d0adb394f28e26ebb,2
W02-1001,3b8e7c8220d3883d54960d896a73045f3c70ac17,W04-0824,3543d7db405647f6b0dd92fa8cb9f3d552259c5f,2
W02-1001,3b8e7c8220d3883d54960d896a73045f3c70ac17,P12-1111,16ca6f1090831eb1b2416ff4b9a901dab0f35a37,3
W02-1001,3b8e7c8220d3883d54960d896a73045f3c70ac17,P13-4016,011828e338982905f2693f3572e56fd582b5ac04,1
W02-1001,3b8e7c8220d3883d54960d896a73045f3c70ac17,N03-1033,3fa58a0dcbf7392e02f744a0f729ba8010b7334c,2
W02-1001,3b8e7c8220d3883d54960d896a73045f3c70ac17,D13-1033,1875f07068e71696d432a61646ca40ff18f119d6,0
W02-1001,3b8e7c8220d3883d54960d896a73045f3c70ac17,E06-1011,7bfbabdc800f70eb4efa60e64b91044aad23c4a8,2
W03-0430,1b1eed518d7f0c67874a5e6e018486feb3923732,P04-1007,567dc4e26ece98e96c2e798ae8acafa5883945a9,0
W03-0430,1b1eed518d7f0c67874a5e6e018486feb3923732,P05-1002,6cd6f5683f71a4f9e24c6faa3f743482ecb2e6ff,0
W03-0430,1b1eed518d7f0c67874a5e6e018486feb3923732,P05-1003,393b0372dd64a3db88a1fe32b71755a7726d2294,0
W03-0430,1b1eed518d7f0c67874a5e6e018486feb3923732,P05-1044,29c34a034f6f35915a141dac98cabf625bea2b3c,0
W03-0430,1b1eed518d7f0c67874a5e6e018486feb3923732,P06-1028,2648926c90f6cc9c9fa2e9590bc9b3df88ac9cd2,0
W03-0430,1b1eed518d7f0c67874a5e6e018486feb3923732,P06-1078,d2e1a04836db23105aebc945521743233a63b8c2,0
W03-0430,1b1eed518d7f0c67874a5e6e018486feb3923732,P08-1056,72cc2d783f7e7858fbc240d813b8c7fd753c70c4,0
W03-0430,1b1eed518d7f0c67874a5e6e018486feb3923732,P08-1081,4c4a95645bb719cb53d668cca3b104e529746377,0
W03-0430,1b1eed518d7f0c67874a5e6e018486feb3923732,P10-1136,2d287f828cc1736f6755bd5c6e75f73a9146c87d,0
W03-0430,1b1eed518d7f0c67874a5e6e018486feb3923732,P12-1055,a07f56a919687e432e92c403d371a9e2d564ef3f,0
W03-0430,1b1eed518d7f0c67874a5e6e018486feb3923732,W04-0705,a6c3dd11950709a41b4b5fdb7edb8f3d37d4c60e,0
W03-0430,1b1eed518d7f0c67874a5e6e018486feb3923732,W04-1221,669a1735c515cf1ae2108d1823e624bd0854a3a0,0
W03-0430,1b1eed518d7f0c67874a5e6e018486feb3923732,W04-3230,62d8219e6be879d54b5602c90fdbeaff7a78ff74,0
W03-0430,1b1eed518d7f0c67874a5e6e018486feb3923732,W04-3234,ef45ad6f228fcc8b2d05b93749b4e163dce3f528,0
W04-2405,08240b716eb2d63d78998e738531502283901b89,E12-1017,3a1175715f1a551cfdf0edbb975e4c2c80eed0e0,0
W04-3103,9f3e53326eaef63544fbe6644a22949189f80662,P07-1125,1b9eedb53a6ea00cd139f4996c51cdf312e01442,3
W04-3111,6768ee693e6dfe45fd3bdc4da515983927d52d49,D07-1112,3c281de897ede3399b838663b6ec7f5ecfdff251,1
W04-3111,6768ee693e6dfe45fd3bdc4da515983927d52d49,D07-1128,06e3b061e1769065c963e2cf3ce81358c4538b2e,0
W04-3111,6768ee693e6dfe45fd3bdc4da515983927d52d49,D07-1119,d08ba6d024e22636e61d759b2201a7cd668782b4,1
W04-3111,6768ee693e6dfe45fd3bdc4da515983927d52d49,W08-0605,866ed8173a1b43cdb482f8dcbb93a6528370809b,0
W04-3111,6768ee693e6dfe45fd3bdc4da515983927d52d49,D07-1126,475e53e5654b76478ee78d5586b4820ab9afad93,0
W04-3111,6768ee693e6dfe45fd3bdc4da515983927d52d49,W08-0504,feb93220a5d96f892360fcb63d33a45fa77512cf,0
W04-3111,6768ee693e6dfe45fd3bdc4da515983927d52d49,P10-1089,28ede2d7b117ddb38a1d5b42ce70e74e55ee1ad0,1
W04-3111,6768ee693e6dfe45fd3bdc4da515983927d52d49,P07-1031,3a40ff57c5a96f6445675f104d434b42eab6aebf,1
W04-3111,6768ee693e6dfe45fd3bdc4da515983927d52d49,P09-1117,9e894bc1e05b80e2d37c4e66fd3556dd2535dfbb,1
W04-3111,6768ee693e6dfe45fd3bdc4da515983927d52d49,I05-2038,bb13eb440c38db3afacad04ae60ec37525890239,1
W04-3252,7b95d389bc6affe6a127d53b04bcfd68138f1a1a,C08-1040,c35722a1f8cc7b8d609990f9ee7e93fe2d3e2ad9,2
W06-1615,8415e713e801c63c3d7e73434e990ffdaabc99c1,P07-1056,94db635f54d25bdb95edb42185aca93ba53b051b,3
W07-1412,265d715727a9c56c0a072ab8da958c11d7f5014e,E12-1004,32dded993e34bfa7cc1fd92a4a35a9cbbc78031a,0
W07-1412,265d715727a9c56c0a072ab8da958c11d7f5014e,P08-1118,480c4b254a1a579669f13259cc475c42b58cff83,0
W07-1412,265d715727a9c56c0a072ab8da958c11d7f5014e,P12-1047,32924bbd545430a09969fc700965f9e030c45e67,2
W07-1412,265d715727a9c56c0a072ab8da958c11d7f5014e,W09-2501,8916b98a82cf9e63919e16e3971627fd5f824841,0
W07-1412,265d715727a9c56c0a072ab8da958c11d7f5014e,W10-1609,960597a6ac49a48ec493442de2027b0f389ebedd,0
W07-1412,265d715727a9c56c0a072ab8da958c11d7f5014e,W11-0135,ad71f1c8e5d35fefcd73a38256799dd444ec2008,0
W07-1412,265d715727a9c56c0a072ab8da958c11d7f5014e,W11-2404,70979b88b7ed402917761faa22da8cae6bb0c9e0,0
W09-0404,71898bd32548b98ceecf71bb30b9616e4be40b43,N10-1045,ffe68c70c017bafece7865da69733dfab5287368,0
W09-0404,71898bd32548b98ceecf71bb30b9616e4be40b43,W11-2112,a5a5b28c8cd440048ef62a54b8e77fd170104b05,0
W96-0213,24beb987b722d4a25d3157a43000e685aa8f8874,A00-1031,3787980e3f4c2e0e20a08027ec1eff18b4fd0c0a,1
W96-0213,24beb987b722d4a25d3157a43000e685aa8f8874,A00-2013,c2f34bb9b8fb309b38aeb528877fd7f494f87764,1
W96-0213,24beb987b722d4a25d3157a43000e685aa8f8874,A00-2020,471d97bf60adbdc0931c1cb278486dd9cd37fe51,0
W96-0213,24beb987b722d4a25d3157a43000e685aa8f8874,A97-1004,66fd5b0322503edc0c0dff8529cf9f60c6b546a0,2
W96-0213,24beb987b722d4a25d3157a43000e685aa8f8874,E03-1002,0bd3297f6a794fddd738756ffed41471a61b8e11,1
W96-0213,24beb987b722d4a25d3157a43000e685aa8f8874,J01-3003,99a80fb20dcedcd14d4b8e3c3074cf1a68975a6b,1
W96-0213,24beb987b722d4a25d3157a43000e685aa8f8874,N04-1013,29899547c993f30a9afcc3514ef55358d45d6b97,0
W96-0213,24beb987b722d4a25d3157a43000e685aa8f8874,W02-0301,4944bd1a531d8580344ed30a1105372d439f3c79,0
W96-0213,24beb987b722d4a25d3157a43000e685aa8f8874,W03-0424,303df576947198a7029ff384270750bdb8520521,2
W96-0213,24beb987b722d4a25d3157a43000e685aa8f8874,W03-0428,7c820b98c10d708e91fc0226ca4700fca8f3d871,0
W96-0213,24beb987b722d4a25d3157a43000e685aa8f8874,P02-1055,0853a6724aec7814057be29f75b9fe56f3763d07,0
W96-0213,24beb987b722d4a25d3157a43000e685aa8f8874,P99-1023,317a91a51dbd37b577320127b3921cd2008b5a8c,1
W97-0703,723f4317f405a8c09d441cefe31ff719890b678c,W00-1438,b87976ecb9aed3e57aa374bd848f6fb3bf754e70,3
W97-0710,2c1d3883840074c93996817276d4199b403ef188,P04-3020,0678c73ff855c93f238538735fcecc1ee6bc8379,0
W99-0613,1a0a415178d20754418987e312681f3fb0b40257,P01-1008,6feb388081f456f8967e1c975a26f15df56556e1,3
W99-0613,1a0a415178d20754418987e312681f3fb0b40257,P02-1046,2911f7ec4eb6200ac2da8db5d0792745dfa2dc4a,1
W99-0613,1a0a415178d20754418987e312681f3fb0b40257,W11-0319,366286ea7f115352859462d77d22707c19c03275,0
W99-0613,1a0a415178d20754418987e312681f3fb0b40257,W09-1116,39d20a6e0ff25aa451aff93b2ce11e02facee6b1,0
W99-0613,1a0a415178d20754418987e312681f3fb0b40257,P07-1125,1b9eedb53a6ea00cd139f4996c51cdf312e01442,0
W06-2925,3a469a88833f9bf69c4d1cb8d5bdad6f8d02b95c,D07-1101,c205e82ddf7d9bd759cca3e16baa60c49cecf056,2
W06-2925,3a469a88833f9bf69c4d1cb8d5bdad6f8d02b95c,D08-1059,ad1181d188f730b7917a95ae452efb48f830c90a,0
W06-2925,3a469a88833f9bf69c4d1cb8d5bdad6f8d02b95c,J08-3003,2067918ece05f0a6adafaa685799e645d7878ee8,1
W06-2925,3a469a88833f9bf69c4d1cb8d5bdad6f8d02b95c,J11-1005,388c8e6ba7646f46e499dffc00557cfe769a5dda,2
W06-2925,3a469a88833f9bf69c4d1cb8d5bdad6f8d02b95c,N12-1032,50c0d8b36fc516b4fc04aa636a62a9f2aee2240e,1
W06-2925,3a469a88833f9bf69c4d1cb8d5bdad6f8d02b95c,P10-1002,763a31180898fe7e64f2e682c5b901ef43998872,0
W06-2925,3a469a88833f9bf69c4d1cb8d5bdad6f8d02b95c,W07-2217,6b07b0266cb4cc2ae1c463732032cc11fe2f2e0a,0
W03-0428,7c820b98c10d708e91fc0226ca4700fca8f3d871,D07-1016,3c51ef061f6f908e153f38c0446b301ffc1627cb,0
W03-0428,7c820b98c10d708e91fc0226ca4700fca8f3d871,D08-1003,1b38f6b1c2a3fbf0718f6319f7bbcdfa0e239568,0
W03-0428,7c820b98c10d708e91fc0226ca4700fca8f3d871,D11-1144,754d2456d500091d0531c95a2e0c790c0cc50505,1
W03-0428,7c820b98c10d708e91fc0226ca4700fca8f3d871,P05-1001,63a4878aa2c5125cc75d669222b1a24a405900fc,1
W03-0428,7c820b98c10d708e91fc0226ca4700fca8f3d871,P05-2023,a672f84155defeb684b16651a5f698cc1260ab7f,0
W03-0428,7c820b98c10d708e91fc0226ca4700fca8f3d871,P09-1116,b5e12de7d3f2a66bfcf10a510f9ac80afb3541c1,1
W03-0428,7c820b98c10d708e91fc0226ca4700fca8f3d871,P11-3019,066502368061f8f002095c1fb8146e8b379cd595,0
W03-0428,7c820b98c10d708e91fc0226ca4700fca8f3d871,W07-1712,686e7cf7801d74f95888af31f784ff288ded083b,0
C00-2105,0ea9ec9ada1f86d7107643a8aa41f15796c205f9,D07-1091,e31eed985ae3274e9036f9eb97fd3810928615c6,0
P04-1084,182dc6bbd40d171a0ab4e7b29ee0964e616da303,C08-2026,54ba9b0fae665a8359887fbfd5fe16f2490f9343,0
P04-1084,182dc6bbd40d171a0ab4e7b29ee0964e616da303,C10-2157,697268601bffa1c734f465e5f429873918aaa969,0
P04-1084,182dc6bbd40d171a0ab4e7b29ee0964e616da303,D07-1078,d07db07e9f98e3dd97544bd835619357683fc936,0
P04-1084,182dc6bbd40d171a0ab4e7b29ee0964e616da303,P04-1083,28d44f73c8eb541577b4eb7c969766ef7cfffcae,1
P04-1084,182dc6bbd40d171a0ab4e7b29ee0964e616da303,P06-1123,24e9215128a35c8f7647c8f0ba8ad7f6044cdebb,2
P04-1084,182dc6bbd40d171a0ab4e7b29ee0964e616da303,P10-1146,a9d450b470fdb57803f34330b47333470e212478,0
P05-1045,4f410ab5c8b12b34b38421241366ee456bbebab9,C10-1064,3137cba2cc519166c3fea0259f9d0c9e050bed81,1
P05-1045,4f410ab5c8b12b34b38421241366ee456bbebab9,C10-1083,3fb365b1d1d39ff2dff27cf68a3ecdf8ae5a693b,1
P05-1045,4f410ab5c8b12b34b38421241366ee456bbebab9,C10-1087,02ec888235367184342b9d7295ce99b3da6aea10,1
P05-1045,4f410ab5c8b12b34b38421241366ee456bbebab9,C10-1091,d161f05ce278d0c66fc44041d4ebacc5110e0fc3,1
P05-1045,4f410ab5c8b12b34b38421241366ee456bbebab9,C10-1105,0544b93a08eb4458ad17525aeb831b0b7a150dd1,1
P05-1045,4f410ab5c8b12b34b38421241366ee456bbebab9,C10-1131,e5d9bd94a65f3ed497a4d36e089b1393b0e5520d,1
P05-1045,4f410ab5c8b12b34b38421241366ee456bbebab9,C10-2058,3731b74985bc465a59eb8fd1588e782c8fdd558b,0
P05-1045,4f410ab5c8b12b34b38421241366ee456bbebab9,C10-2078,1edc60b7bbaf97f4b8e1c12a89fd667596f2c049,1
P05-1045,4f410ab5c8b12b34b38421241366ee456bbebab9,C10-3011,bed155153835dda242d3514346d7973641c5e299,1
P05-1045,4f410ab5c8b12b34b38421241366ee456bbebab9,D07-1033,94bd436b5dc2060e1b23c70c16fea26ec56db42a,2
P05-1045,4f410ab5c8b12b34b38421241366ee456bbebab9,D08-1035,410bc41c4372fd78a68cd08ad39f2a2c5156fc52,0
P05-1045,4f410ab5c8b12b34b38421241366ee456bbebab9,D09-1016,0522fe54873bfccc71a2ed83caf0cbaacc63603f,1
P05-1045,4f410ab5c8b12b34b38421241366ee456bbebab9,D09-1057,9ab42e94bf660d641db49b020bad7c498b71333c,1
P05-1045,4f410ab5c8b12b34b38421241366ee456bbebab9,D09-1101,5d437f098752798b601e5171311e74184dd05843,1
P05-1045,4f410ab5c8b12b34b38421241366ee456bbebab9,D09-1119,1e941acf5e3d3339f51b52bcbf940dff1287fc28,0
P05-1045,4f410ab5c8b12b34b38421241366ee456bbebab9,D09-1120,abba83b5747e98d10ab982df9ae94cc799668f16,1
P05-1045,4f410ab5c8b12b34b38421241366ee456bbebab9,D09-1158,a5dd230970c90f311f10b9c59283eb4131f4fc79,1
P05-1045,4f410ab5c8b12b34b38421241366ee456bbebab9,D10-1048,b90196005b0f1eb0953758c16869633d7ca3399d,1
P05-1045,4f410ab5c8b12b34b38421241366ee456bbebab9,D10-1099,5026d34eb5dd917a416461939ee76c1303055d42,1
P05-1045,4f410ab5c8b12b34b38421241366ee456bbebab9,D11-1034,5e45657e0281cff0cdbffd9352b4edb4c47b8304,1
P05-1045,4f410ab5c8b12b34b38421241366ee456bbebab9,D11-1072,5433d3cd12a6edbe3ec14f8895c7d6f4e4448565,1
P05-1045,4f410ab5c8b12b34b38421241366ee456bbebab9,D11-1075,3dc2ad926b6c205a86a7ac36b21162807769241c,0
P05-1045,4f410ab5c8b12b34b38421241366ee456bbebab9,D11-1135,12c234d00119e13f087d79e50575c4577d5c74d9,1
P05-1045,4f410ab5c8b12b34b38421241366ee456bbebab9,D11-1141,87f2101c46f191512a62f78c68a2560d35ce613b,1
P05-1045,4f410ab5c8b12b34b38421241366ee456bbebab9,D11-1144,754d2456d500091d0531c95a2e0c790c0cc50505,0
P05-1045,4f410ab5c8b12b34b38421241366ee456bbebab9,D12-1009,15259723242fe1909e7eb7e76cfd245a878f2172,1
P05-1045,4f410ab5c8b12b34b38421241366ee456bbebab9,D12-1042,151ee8aedc97e7a388a8edd704ff13698a7af0b4,0
P05-1045,4f410ab5c8b12b34b38421241366ee456bbebab9,D12-1072,7cbace2990e0579c7108b1b87dc3b8076043fd5b,0
P05-1045,4f410ab5c8b12b34b38421241366ee456bbebab9,D12-1076,723fc3a61e35e3b759fd900caa06141a503c87c9,1
P05-1045,4f410ab5c8b12b34b38421241366ee456bbebab9,D12-1080,60b5779bed9ae726fc0d65e532655eb131499ad9,1
P05-1045,4f410ab5c8b12b34b38421241366ee456bbebab9,D12-1092,f00b7db20c7b65292c4536cc82ad6bdb8e4afd04,0
P05-1045,4f410ab5c8b12b34b38421241366ee456bbebab9,D12-1131,1711adbd0b62a5d564cb69e992dfa80b652ef56b,0
P05-1045,4f410ab5c8b12b34b38421241366ee456bbebab9,D13-1040,4815713a6b1f8026430d6fd6a367b51e87014662,1
P05-1045,4f410ab5c8b12b34b38421241366ee456bbebab9,D13-1042,9de9ffce4ee6b832dcb5de3b40d03f290be105f6,1
P05-1045,4f410ab5c8b12b34b38421241366ee456bbebab9,D13-1043,a4c9384b9cffcf75213858a4b003b65e48a9331f,1
P05-1045,4f410ab5c8b12b34b38421241366ee456bbebab9,D13-1103,2e174c368e4c58d3cf9e792c1c778621ede39a09,1
P05-1045,4f410ab5c8b12b34b38421241366ee456bbebab9,D13-1117,32ee75315fd7050bd7411087d9b3c7cf67b82b63,2
P05-1045,4f410ab5c8b12b34b38421241366ee456bbebab9,D13-1136,4f5cd4c2d81db5c52f952589a8d52bba16962707,1
P05-1045,4f410ab5c8b12b34b38421241366ee456bbebab9,D13-1142,cb847caf4ae0911947aad5b0f32de6aaaf0d5487,0
P05-1045,4f410ab5c8b12b34b38421241366ee456bbebab9,D13-1159,317f2c306eb616ec20e3c52773ac2ce94bb54806,0
P05-1045,4f410ab5c8b12b34b38421241366ee456bbebab9,D13-1178,91e4ba886ce779a6e80a3292ed70c5386c5e86d6,1
P05-1045,4f410ab5c8b12b34b38421241366ee456bbebab9,D13-1191,5afbd520c4b445abbea70cd9ff79c697ffbb6df6,1
P05-1045,4f410ab5c8b12b34b38421241366ee456bbebab9,E09-1007,c543570a5fbee162cc33561576af735204c223d7,0
P05-1045,4f410ab5c8b12b34b38421241366ee456bbebab9,E09-1011,4065243ecb62aac56668f3888586af7d2a3311fa,1
P05-1045,4f410ab5c8b12b34b38421241366ee456bbebab9,E09-1037,346e7f19ed40522271b7c01fff825d36db34c604,0
P05-1045,4f410ab5c8b12b34b38421241366ee456bbebab9,E09-1091,12e3151e1231537f25e38144d6350cb09bfb3586,1
P05-1045,4f410ab5c8b12b34b38421241366ee456bbebab9,E12-1029,995ddfe2e3ed66219881f559db72c1859e229805,1
P05-1045,4f410ab5c8b12b34b38421241366ee456bbebab9,E12-1033,4dc170aae21205d6ad75fcbb7a44523b9ac02e28,1
P05-1045,4f410ab5c8b12b34b38421241366ee456bbebab9,E12-1054,262cf4ee38a38033ae44ab9294689f0400697105,1
P05-1045,4f410ab5c8b12b34b38421241366ee456bbebab9,I08-4013,12510c9659c71ce821fe671de5ed7033ba0af31c,0
P05-1045,4f410ab5c8b12b34b38421241366ee456bbebab9,I08-5014,cc43ea9cf6e2da181d44acc8aeaabbbed0d52705,1
P05-1045,4f410ab5c8b12b34b38421241366ee456bbebab9,I08-6004,c0a86ddb0f6060d84577304f1741677b643d128f,1
P05-1045,4f410ab5c8b12b34b38421241366ee456bbebab9,J11-1002,1a4ab333a9ba3a93166f349cf26cc97c509c8a8a,0
P05-1045,4f410ab5c8b12b34b38421241366ee456bbebab9,J12-4004,5e45657e0281cff0cdbffd9352b4edb4c47b8304,1
P05-1045,4f410ab5c8b12b34b38421241366ee456bbebab9,J13-2001,5f19b6288d647972709691780044a3b46dc7feac,1
P05-1045,4f410ab5c8b12b34b38421241366ee456bbebab9,L08-1267,2e342660bd637c223db246fa40c3f02b29b741be,0
P05-1045,4f410ab5c8b12b34b38421241366ee456bbebab9,L08-1328,24813a13faa751c334086f5112743091343ccfba,1
P05-1045,4f410ab5c8b12b34b38421241366ee456bbebab9,L08-1584,39418aa59106343b09d0d3018f6cc84255edf56f,0
P05-1045,4f410ab5c8b12b34b38421241366ee456bbebab9,N06-1054,6af4613d27395695db7af293eed64d4be4cc67ff,1
P05-1045,4f410ab5c8b12b34b38421241366ee456bbebab9,N07-1009,895befda94484f0e9f62d90a4056ab06fa26f4a6,0
P05-1045,4f410ab5c8b12b34b38421241366ee456bbebab9,N07-1011,48a5214cfcf264c89cbea75c901080bc65ecc9ec,0
P05-1045,4f410ab5c8b12b34b38421241366ee456bbebab9,N07-1042,080f78fc763a900f9813287d4b0435fffaba1a13,0
P05-1045,4f410ab5c8b12b34b38421241366ee456bbebab9,N07-2046,c8dd9aba190a1e17a27c9e5149f4c99f50893747,0
P05-1045,4f410ab5c8b12b34b38421241366ee456bbebab9,N09-1037,00cf902b27676cdc376e26567e70298b96c672a1,1
P05-1045,4f410ab5c8b12b34b38421241366ee456bbebab9,N09-1068,5f126695342ea2bab2aa6eb971563f5d91d00aa0,1
P05-1045,4f410ab5c8b12b34b38421241366ee456bbebab9,N10-1068,0145bbf9eebd25655a239a52bf8532fbc93556c3,0
P05-1045,4f410ab5c8b12b34b38421241366ee456bbebab9,N10-1072,60b64343b5a514c1368ec1f9779519302d98ef3e,1
P05-1045,4f410ab5c8b12b34b38421241366ee456bbebab9,N10-1117,8ccdd477d42287461f4e300fffdd2bf271eeb5b1,0
P05-1045,4f410ab5c8b12b34b38421241366ee456bbebab9,N10-1121,2d42d556450281f0ce02a6198ba8fc37bf48abf5,1
P05-1045,4f410ab5c8b12b34b38421241366ee456bbebab9,N12-1008,8fa16fdd1720a4d927d8a062fccb4473e40f3982,1
P05-1045,4f410ab5c8b12b34b38421241366ee456bbebab9,N12-1013,2418131d18173161b48575839d145091c3178a72,2
P05-1045,4f410ab5c8b12b34b38421241366ee456bbebab9,N12-1065,e4f3a8e772d8ab592ab99d7be6dafc4e3cfe6fae,1
P05-1045,4f410ab5c8b12b34b38421241366ee456bbebab9,N12-1080,986ff65ff9fa1c517e0910bbfef9c71b6eeabf79,1
P05-1045,4f410ab5c8b12b34b38421241366ee456bbebab9,N12-1084,00111610254bfb8ec16428501c2ca68dcf817474,0
P05-1045,4f410ab5c8b12b34b38421241366ee456bbebab9,N12-1085,2470c5bc0b0a87c2157c9fed152805fa4ca21204,0
P05-1045,4f410ab5c8b12b34b38421241366ee456bbebab9,N13-1006,3dd63c9b5ea5df6ec020a34bf8ea7c1bf15997c7,1
P05-1045,4f410ab5c8b12b34b38421241366ee456bbebab9,N13-1007,48a2d2dbb6514f55902139a4f40eb6942f82eef9,0
P05-1045,4f410ab5c8b12b34b38421241366ee456bbebab9,N13-1037,30e69288d6d427da250e395d4341b481d8f600f5,0
P05-1045,4f410ab5c8b12b34b38421241366ee456bbebab9,N13-1059,1e9663ce0fefb89b79b013313cd39454d7bb8267,1
P05-1045,4f410ab5c8b12b34b38421241366ee456bbebab9,N13-1063,49121b3b9bcf7e55046efea91683bb38ab56e6a9,0
P05-1045,4f410ab5c8b12b34b38421241366ee456bbebab9,P06-1059,0e66293eec64e5157ddb368a9f68f6b9e4bbe162,2
P05-1045,4f410ab5c8b12b34b38421241366ee456bbebab9,P06-1089,31d2eaefe047a4302e0a5dfa090a37b9f1c79699,2
P05-1045,4f410ab5c8b12b34b38421241366ee456bbebab9,P06-1141,29c7fb312431f77aa369937959f26f292dfa27d6,3
P05-1045,4f410ab5c8b12b34b38421241366ee456bbebab9,P06-2054,63cb5e89d1e875d3f0813e270e9aabdfaaefdde1,0
P05-1045,4f410ab5c8b12b34b38421241366ee456bbebab9,P08-1031,00e5123e8a976e11e1e5a6e68c51af684a25ddbd,0
P05-1045,4f410ab5c8b12b34b38421241366ee456bbebab9,P08-2012,2686a0b9f48d6e35a9f3eab5af23c06974a204e4,1
P05-1045,4f410ab5c8b12b34b38421241366ee456bbebab9,P08-4003,24813a13faa751c334086f5112743091343ccfba,1
P05-1045,4f410ab5c8b12b34b38421241366ee456bbebab9,P09-1113,8f8139b63a2fc0b3ae8413acaef47acd35a356e0,1
P05-1045,4f410ab5c8b12b34b38421241366ee456bbebab9,P09-2041,330f705d1da99e6e9cab28db3d881aeffc50a00d,1
P05-1045,4f410ab5c8b12b34b38421241366ee456bbebab9,P10-1015,da9946f7a19349d71ca8379b8b637160125702b8,1
P05-1045,4f410ab5c8b12b34b38421241366ee456bbebab9,P10-1056,037725c55ee3eb2c4b9eb185f16e4187f6188189,1
P05-1045,4f410ab5c8b12b34b38421241366ee456bbebab9,P10-1148,7424786c635a51dad861b8888e9c0d23a5856234,1
P05-1045,4f410ab5c8b12b34b38421241366ee456bbebab9,P10-2029,02e2a30af7eb852b92e03cd37ede03cc15ead9cf,1
P05-1045,4f410ab5c8b12b34b38421241366ee456bbebab9,P10-2049,af5586c3d67a76d3ae51cfa886f77a081ecd88f9,1
P05-1045,4f410ab5c8b12b34b38421241366ee456bbebab9,P11-1037,b52fe0b796e4c899624ed3e9d9ea566453156844,1
P05-1045,4f410ab5c8b12b34b38421241366ee456bbebab9,P11-1082,0c042eaf93d775aa77e9e5cea50a639bf18a8e71,0
P05-1045,4f410ab5c8b12b34b38421241366ee456bbebab9,P11-1113,e17a4ce03444b4cf8b11122ff980b6f2e3ec9b8e,0
P05-1045,4f410ab5c8b12b34b38421241366ee456bbebab9,P11-1114,2a0a4161206d3fb201ca87ee17256d3d770e3fd2,1
P05-1045,4f410ab5c8b12b34b38421241366ee456bbebab9,P11-3004,b891549fa7274ebc33dc2e0b52de920675b3c9d7,1
P05-1045,4f410ab5c8b12b34b38421241366ee456bbebab9,P12-1042,4e29406ff005be3de1b2781ef42ed881502bf72c,1
P05-1045,4f410ab5c8b12b34b38421241366ee456bbebab9,P12-1072,1d4927b26f1bc7ac8a72b7da8c723ca853fcaa72,1
P05-1045,4f410ab5c8b12b34b38421241366ee456bbebab9,P12-1073,6483f163be4836ae8bd3833f27de9a173753b960,0
P05-1045,4f410ab5c8b12b34b38421241366ee456bbebab9,P12-1075,5460589117407a323cae0ea08623ef855d5dca26,1
P05-1045,4f410ab5c8b12b34b38421241366ee456bbebab9,P12-1087,05369d319bc1811fbfc57abfcef00273b325128e,1
P05-1045,4f410ab5c8b12b34b38421241366ee456bbebab9,P12-1089,73836b5414c2803e66c5d574a30a57f49f7600c3,2
P05-1045,4f410ab5c8b12b34b38421241366ee456bbebab9,P12-2013,012d5cc9236a5cb591a30d97b0a01973109b0f07,1
P05-1045,4f410ab5c8b12b34b38421241366ee456bbebab9,P12-2024,b65762780b95c39a8a8814f47e99b874f4315401,1
P05-1045,4f410ab5c8b12b34b38421241366ee456bbebab9,P12-2064,740bcf4af21ffff4f85e4b5a54a3e6502e5088fd,0
P05-1045,4f410ab5c8b12b34b38421241366ee456bbebab9,P12-2069,6cd8cae6783b1079a066cf03117aeb970189d093,1
P05-1045,4f410ab5c8b12b34b38421241366ee456bbebab9,P12-3003,81e96b60befdc97db1b4fb54006e9f40be0a1705,0
P05-1045,4f410ab5c8b12b34b38421241366ee456bbebab9,P12-3013,33f4e91b698a5226955e9e6b62741163c4ffd6c1,1
P05-1045,4f410ab5c8b12b34b38421241366ee456bbebab9,P13-1106,32fce77f2683c6296e787f319663fe9d2cde2d07,1
P05-1045,4f410ab5c8b12b34b38421241366ee456bbebab9,P13-1129,9ae8419e25a57178335debad63d233db7accc3a1,0
P05-1045,4f410ab5c8b12b34b38421241366ee456bbebab9,P13-1146,6629785cb5c9c96921f97e7a8c56dbe63f80d9ef,0
P05-1045,4f410ab5c8b12b34b38421241366ee456bbebab9,P13-1166,7dfe426e77f2dc220f5a3ea8213ff4b2827f8d16,0
P05-1045,4f410ab5c8b12b34b38421241366ee456bbebab9,P13-2036,df62eba3d141d7e24c7e2cd0c142d7e4a415b9a2,1
P05-1045,4f410ab5c8b12b34b38421241366ee456bbebab9,P13-2116,8689346e83d711f9356f4056174d18ad53af1cd8,0
P05-1045,4f410ab5c8b12b34b38421241366ee456bbebab9,P13-2128,8c88fd293ce102e1f8fbed3f2e662ee8de4f45bb,0
P05-1045,4f410ab5c8b12b34b38421241366ee456bbebab9,P13-2141,c2908deec5b09ea4bdfce7ad5e827606ef425ee4,1
P05-1045,4f410ab5c8b12b34b38421241366ee456bbebab9,P13-4023,961f0bda9581ac5a969477760ba3ef2ea9b1ed25,0
P05-1045,4f410ab5c8b12b34b38421241366ee456bbebab9,Q13-1028,07704a07d924cf7970ea7996afb81c331c5a3673,1
P05-1045,4f410ab5c8b12b34b38421241366ee456bbebab9,S10-1020,74f904e03903ebfccf7b5de9c345a49712919ab6,1
P05-1045,4f410ab5c8b12b34b38421241366ee456bbebab9,S12-1035,d1d1004488231e2d26922016f252a85a3dc41388,1
P05-1045,4f410ab5c8b12b34b38421241366ee456bbebab9,S12-1082,76d3d111d24391a2fe153e16b1a4d120d9bb7c3d,1
P05-1045,4f410ab5c8b12b34b38421241366ee456bbebab9,S12-1085,0d98d2fc154f60f52da54a9861b75cf67afc8132,1
P05-1045,4f410ab5c8b12b34b38421241366ee456bbebab9,S13-1010,2b59bbc1ee8a5075e49f0b79f86df357d2ac01e7,1
P05-1045,4f410ab5c8b12b34b38421241366ee456bbebab9,S13-1014,87e79beb7976919a76b912c94ff797126981308c,0
P05-1045,4f410ab5c8b12b34b38421241366ee456bbebab9,S13-1018,b1105adb7be0e0dcd6b6c101c571bf2493becf89,0
P05-1045,4f410ab5c8b12b34b38421241366ee456bbebab9,S13-1021,02234993cfbd7d765f2dba33bfe1c45add91e52d,1
P05-1045,4f410ab5c8b12b34b38421241366ee456bbebab9,S13-1023,3e0aaf0065322e62b7ef0b248da87759d09cd44f,1
P05-1045,4f410ab5c8b12b34b38421241366ee456bbebab9,W06-1643,83bce397ca0aaa9e47bde4511fe84d5ebda80210,0
P05-1045,4f410ab5c8b12b34b38421241366ee456bbebab9,W06-1655,e0d1429717d6be45b64b66de28fd918d8cbe0355,0
P05-1045,4f410ab5c8b12b34b38421241366ee456bbebab9,W07-2058,53d85832dfcbf51eae4c5f06249f93d518d45537,1
P05-1045,4f410ab5c8b12b34b38421241366ee456bbebab9,W09-0422,5ceda25a21fbad082b8986794a8e2f5dfc119f0a,1
P05-1045,4f410ab5c8b12b34b38421241366ee456bbebab9,W09-1119,27496a2ee337db705e7c611dea1fd8e6f41437c2,1
P05-1045,4f410ab5c8b12b34b38421241366ee456bbebab9,W09-1218,095a7ab0e6bdfa54e13ce6875622a0c0e3ca43d7,0
P05-1045,4f410ab5c8b12b34b38421241366ee456bbebab9,W10-0725,ca0025d551a9a7ce2988e12f08ca5412ac827f1e,1
P05-1045,4f410ab5c8b12b34b38421241366ee456bbebab9,W10-1902,22fbdbf1b4d2fd376391106239533b40505946c1,0
P05-1045,4f410ab5c8b12b34b38421241366ee456bbebab9,W10-2420,ebff2fb9550baddc15d26f8e0dfa0329f747e562,0
P05-1045,4f410ab5c8b12b34b38421241366ee456bbebab9,W10-2906,30701685df2d2ae3d2a0337f33000b0e7288ed68,1
P05-1045,4f410ab5c8b12b34b38421241366ee456bbebab9,W10-3102,c50c2ef70639692db342693bd4479f5b85c73f60,1
P05-1045,4f410ab5c8b12b34b38421241366ee456bbebab9,W11-0219,69659e18511c6ce5bf1e617992440e7e630723c1,1
P05-1045,4f410ab5c8b12b34b38421241366ee456bbebab9,W11-0810,69b2dbb56aeb4d34fba965f897af3acd11bb05e5,2
P05-1045,4f410ab5c8b12b34b38421241366ee456bbebab9,W11-0902,01c44d9fba739eedea9d4c03e9223014dcdeeb07,1
P05-1045,4f410ab5c8b12b34b38421241366ee456bbebab9,W11-1513,f55163ed16144200d322efe20d19cdcf332f9361,1
P05-1045,4f410ab5c8b12b34b38421241366ee456bbebab9,W11-1723,f75e678e5694730a57c51228f1074920110c3fac,0
P05-1045,4f410ab5c8b12b34b38421241366ee456bbebab9,W11-1907,bb6c904eccd9663037c75251712b6da7f6398ae8,1
P05-1045,4f410ab5c8b12b34b38421241366ee456bbebab9,W11-1908,59b63319406fa85670e292b5eb460d4d64a824fd,1
P05-1045,4f410ab5c8b12b34b38421241366ee456bbebab9,W11-2202,02aebef93baeef3396f3cb4468a7054067f190c6,1
P05-1045,4f410ab5c8b12b34b38421241366ee456bbebab9,W11-2705,aca19f94878893caf6c484ba638fe9445b4d6bf4,1
P05-1045,4f410ab5c8b12b34b38421241366ee456bbebab9,W12-0102,5c983fb27dee4bd4cd42fcde08dbc02f4431e2bc,1
P05-1045,4f410ab5c8b12b34b38421241366ee456bbebab9,W12-0103,be3da9f71d3a093ecfcb9df7acd61c2eda437824,1
P05-1045,4f410ab5c8b12b34b38421241366ee456bbebab9,W12-0604,28e1e18b974adfb1af3ad6a00183b832e06de80f,1
P05-1045,4f410ab5c8b12b34b38421241366ee456bbebab9,W12-2007,3df902c59a110127bbe22570f4d97967b7ea7d61,1
P05-1045,4f410ab5c8b12b34b38421241366ee456bbebab9,W12-2408,b9da747590c012291cadadf644a1d7a78465d3ec,1
P05-1045,4f410ab5c8b12b34b38421241366ee456bbebab9,W12-2903,e5c2720dddac18a11da6593a9346a98813e8d9ff,1
P05-1045,4f410ab5c8b12b34b38421241366ee456bbebab9,W12-3109,ae946b252bf1d58a906935f2f4a8bb7fb9e441f2,1
P05-1045,4f410ab5c8b12b34b38421241366ee456bbebab9,W13-0905,29b165f82233f6c2e93d31dc274b57adc1da1d48,1
P05-1045,4f410ab5c8b12b34b38421241366ee456bbebab9,W13-1101,a78b1c7a80bbc5e132d40bddacfa44ce43773445,0
P05-1045,4f410ab5c8b12b34b38421241366ee456bbebab9,W13-2114,6d312d75eaab80dc77a584baf89c13214810d877,1
P05-1045,4f410ab5c8b12b34b38421241366ee456bbebab9,W13-2234,17da628fd399a11cc727eb49b0424b8f7050e945,1
P05-1045,4f410ab5c8b12b34b38421241366ee456bbebab9,W13-2414,e3b0ebc3e53509f7564eb0bca2a5913307ca873e,0
P05-1045,4f410ab5c8b12b34b38421241366ee456bbebab9,W13-3516,a94e4fe6f475e047be5dcc9077f445e496240852,1
P05-1045,4f410ab5c8b12b34b38421241366ee456bbebab9,W13-3616,bb14cde95053a4acc75accddc29716ce76ce0e99,1
P05-1045,4f410ab5c8b12b34b38421241366ee456bbebab9,W13-4008,70f24c5d425e474d13d756e76d652d94657d2402,1
P05-1045,4f410ab5c8b12b34b38421241366ee456bbebab9,C10-1064,3137cba2cc519166c3fea0259f9d0c9e050bed81,1
P05-1045,4f410ab5c8b12b34b38421241366ee456bbebab9,C10-1083,3fb365b1d1d39ff2dff27cf68a3ecdf8ae5a693b,1
P05-1045,4f410ab5c8b12b34b38421241366ee456bbebab9,C10-1087,02ec888235367184342b9d7295ce99b3da6aea10,1
P05-1045,4f410ab5c8b12b34b38421241366ee456bbebab9,C10-1091,d161f05ce278d0c66fc44041d4ebacc5110e0fc3,1
P05-1045,4f410ab5c8b12b34b38421241366ee456bbebab9,C10-1105,0544b93a08eb4458ad17525aeb831b0b7a150dd1,1
P05-1045,4f410ab5c8b12b34b38421241366ee456bbebab9,C10-1131,e5d9bd94a65f3ed497a4d36e089b1393b0e5520d,1
P05-1045,4f410ab5c8b12b34b38421241366ee456bbebab9,C10-2058,3731b74985bc465a59eb8fd1588e782c8fdd558b,0
P05-1045,4f410ab5c8b12b34b38421241366ee456bbebab9,C10-2078,1edc60b7bbaf97f4b8e1c12a89fd667596f2c049,1
P05-1045,4f410ab5c8b12b34b38421241366ee456bbebab9,C10-3011,bed155153835dda242d3514346d7973641c5e299,1
P05-1045,4f410ab5c8b12b34b38421241366ee456bbebab9,D07-1033,94bd436b5dc2060e1b23c70c16fea26ec56db42a,3
P05-1045,4f410ab5c8b12b34b38421241366ee456bbebab9,D08-1035,410bc41c4372fd78a68cd08ad39f2a2c5156fc52,0
P05-1045,4f410ab5c8b12b34b38421241366ee456bbebab9,D09-1016,0522fe54873bfccc71a2ed83caf0cbaacc63603f,1
P05-1045,4f410ab5c8b12b34b38421241366ee456bbebab9,D09-1057,9ab42e94bf660d641db49b020bad7c498b71333c,1
P05-1045,4f410ab5c8b12b34b38421241366ee456bbebab9,D09-1101,5d437f098752798b601e5171311e74184dd05843,1
P05-1045,4f410ab5c8b12b34b38421241366ee456bbebab9,D09-1119,1e941acf5e3d3339f51b52bcbf940dff1287fc28,0
P05-1045,4f410ab5c8b12b34b38421241366ee456bbebab9,D09-1120,abba83b5747e98d10ab982df9ae94cc799668f16,1
P05-1045,4f410ab5c8b12b34b38421241366ee456bbebab9,D09-1158,a5dd230970c90f311f10b9c59283eb4131f4fc79,1
P05-1045,4f410ab5c8b12b34b38421241366ee456bbebab9,D10-1048,b90196005b0f1eb0953758c16869633d7ca3399d,1
P05-1045,4f410ab5c8b12b34b38421241366ee456bbebab9,D10-1099,5026d34eb5dd917a416461939ee76c1303055d42,1
P05-1045,4f410ab5c8b12b34b38421241366ee456bbebab9,D11-1034,5e45657e0281cff0cdbffd9352b4edb4c47b8304,1
P05-1045,4f410ab5c8b12b34b38421241366ee456bbebab9,D11-1072,5433d3cd12a6edbe3ec14f8895c7d6f4e4448565,1
P05-1045,4f410ab5c8b12b34b38421241366ee456bbebab9,D11-1075,3dc2ad926b6c205a86a7ac36b21162807769241c,1
P05-1045,4f410ab5c8b12b34b38421241366ee456bbebab9,D11-1135,12c234d00119e13f087d79e50575c4577d5c74d9,1
P05-1045,4f410ab5c8b12b34b38421241366ee456bbebab9,D11-1141,87f2101c46f191512a62f78c68a2560d35ce613b,2
P05-1045,4f410ab5c8b12b34b38421241366ee456bbebab9,D11-1144,754d2456d500091d0531c95a2e0c790c0cc50505,0
P05-1045,4f410ab5c8b12b34b38421241366ee456bbebab9,D12-1009,15259723242fe1909e7eb7e76cfd245a878f2172,0
P05-1045,4f410ab5c8b12b34b38421241366ee456bbebab9,D12-1042,151ee8aedc97e7a388a8edd704ff13698a7af0b4,1
P05-1045,4f410ab5c8b12b34b38421241366ee456bbebab9,D12-1072,7cbace2990e0579c7108b1b87dc3b8076043fd5b,0
P05-1045,4f410ab5c8b12b34b38421241366ee456bbebab9,D12-1076,723fc3a61e35e3b759fd900caa06141a503c87c9,1
P05-1045,4f410ab5c8b12b34b38421241366ee456bbebab9,D12-1080,60b5779bed9ae726fc0d65e532655eb131499ad9,0
P05-1045,4f410ab5c8b12b34b38421241366ee456bbebab9,D12-1092,f00b7db20c7b65292c4536cc82ad6bdb8e4afd04,0
P05-1045,4f410ab5c8b12b34b38421241366ee456bbebab9,D12-1131,1711adbd0b62a5d564cb69e992dfa80b652ef56b,0
P05-1045,4f410ab5c8b12b34b38421241366ee456bbebab9,D13-1040,4815713a6b1f8026430d6fd6a367b51e87014662,1
P05-1045,4f410ab5c8b12b34b38421241366ee456bbebab9,D13-1042,9de9ffce4ee6b832dcb5de3b40d03f290be105f6,1
P05-1045,4f410ab5c8b12b34b38421241366ee456bbebab9,D13-1043,a4c9384b9cffcf75213858a4b003b65e48a9331f,1
P05-1045,4f410ab5c8b12b34b38421241366ee456bbebab9,D13-1103,2e174c368e4c58d3cf9e792c1c778621ede39a09,1
P05-1045,4f410ab5c8b12b34b38421241366ee456bbebab9,D13-1117,32ee75315fd7050bd7411087d9b3c7cf67b82b63,1
P05-1045,4f410ab5c8b12b34b38421241366ee456bbebab9,D13-1136,4f5cd4c2d81db5c52f952589a8d52bba16962707,1
P05-1045,4f410ab5c8b12b34b38421241366ee456bbebab9,D13-1142,cb847caf4ae0911947aad5b0f32de6aaaf0d5487,0
P05-1045,4f410ab5c8b12b34b38421241366ee456bbebab9,D13-1159,317f2c306eb616ec20e3c52773ac2ce94bb54806,2
P05-1045,4f410ab5c8b12b34b38421241366ee456bbebab9,D13-1178,91e4ba886ce779a6e80a3292ed70c5386c5e86d6,1
P05-1045,4f410ab5c8b12b34b38421241366ee456bbebab9,D13-1191,5afbd520c4b445abbea70cd9ff79c697ffbb6df6,1
P05-1045,4f410ab5c8b12b34b38421241366ee456bbebab9,E09-1007,c543570a5fbee162cc33561576af735204c223d7,2
P05-1045,4f410ab5c8b12b34b38421241366ee456bbebab9,E09-1011,4065243ecb62aac56668f3888586af7d2a3311fa,1
P05-1045,4f410ab5c8b12b34b38421241366ee456bbebab9,E09-1037,346e7f19ed40522271b7c01fff825d36db34c604,0
P05-1045,4f410ab5c8b12b34b38421241366ee456bbebab9,E09-1091,12e3151e1231537f25e38144d6350cb09bfb3586,1
P05-1045,4f410ab5c8b12b34b38421241366ee456bbebab9,E12-1029,995ddfe2e3ed66219881f559db72c1859e229805,1
P05-1045,4f410ab5c8b12b34b38421241366ee456bbebab9,E12-1033,4dc170aae21205d6ad75fcbb7a44523b9ac02e28,1
P05-1045,4f410ab5c8b12b34b38421241366ee456bbebab9,E12-1054,262cf4ee38a38033ae44ab9294689f0400697105,1
P05-1045,4f410ab5c8b12b34b38421241366ee456bbebab9,I08-4013,12510c9659c71ce821fe671de5ed7033ba0af31c,0
P05-1045,4f410ab5c8b12b34b38421241366ee456bbebab9,I08-5014,cc43ea9cf6e2da181d44acc8aeaabbbed0d52705,1
P05-1045,4f410ab5c8b12b34b38421241366ee456bbebab9,I08-6004,c0a86ddb0f6060d84577304f1741677b643d128f,1
P05-1045,4f410ab5c8b12b34b38421241366ee456bbebab9,J11-1002,1a4ab333a9ba3a93166f349cf26cc97c509c8a8a,0
P05-1045,4f410ab5c8b12b34b38421241366ee456bbebab9,J12-4004,5e45657e0281cff0cdbffd9352b4edb4c47b8304,1
P05-1045,4f410ab5c8b12b34b38421241366ee456bbebab9,J13-2001,5f19b6288d647972709691780044a3b46dc7feac,2
P05-1045,4f410ab5c8b12b34b38421241366ee456bbebab9,L08-1267,2e342660bd637c223db246fa40c3f02b29b741be,0
P05-1045,4f410ab5c8b12b34b38421241366ee456bbebab9,L08-1328,24813a13faa751c334086f5112743091343ccfba,1
P05-1045,4f410ab5c8b12b34b38421241366ee456bbebab9,L08-1584,39418aa59106343b09d0d3018f6cc84255edf56f,0
P05-1045,4f410ab5c8b12b34b38421241366ee456bbebab9,N06-1054,6af4613d27395695db7af293eed64d4be4cc67ff,2
P05-1045,4f410ab5c8b12b34b38421241366ee456bbebab9,N07-1009,895befda94484f0e9f62d90a4056ab06fa26f4a6,0
P05-1045,4f410ab5c8b12b34b38421241366ee456bbebab9,N07-1011,48a5214cfcf264c89cbea75c901080bc65ecc9ec,0
P05-1045,4f410ab5c8b12b34b38421241366ee456bbebab9,N07-1042,080f78fc763a900f9813287d4b0435fffaba1a13,0
P05-1045,4f410ab5c8b12b34b38421241366ee456bbebab9,N07-2046,c8dd9aba190a1e17a27c9e5149f4c99f50893747,0
P05-1045,4f410ab5c8b12b34b38421241366ee456bbebab9,N09-1037,00cf902b27676cdc376e26567e70298b96c672a1,1
P05-1045,4f410ab5c8b12b34b38421241366ee456bbebab9,N09-1068,5f126695342ea2bab2aa6eb971563f5d91d00aa0,1
P05-1045,4f410ab5c8b12b34b38421241366ee456bbebab9,N10-1068,0145bbf9eebd25655a239a52bf8532fbc93556c3,0
P05-1045,4f410ab5c8b12b34b38421241366ee456bbebab9,N10-1072,60b64343b5a514c1368ec1f9779519302d98ef3e,1
P05-1045,4f410ab5c8b12b34b38421241366ee456bbebab9,N10-1117,8ccdd477d42287461f4e300fffdd2bf271eeb5b1,0
P05-1045,4f410ab5c8b12b34b38421241366ee456bbebab9,N10-1121,2d42d556450281f0ce02a6198ba8fc37bf48abf5,1
P05-1045,4f410ab5c8b12b34b38421241366ee456bbebab9,N12-1008,8fa16fdd1720a4d927d8a062fccb4473e40f3982,2
P05-1045,4f410ab5c8b12b34b38421241366ee456bbebab9,N12-1013,2418131d18173161b48575839d145091c3178a72,1
P05-1045,4f410ab5c8b12b34b38421241366ee456bbebab9,N12-1065,e4f3a8e772d8ab592ab99d7be6dafc4e3cfe6fae,1
P05-1045,4f410ab5c8b12b34b38421241366ee456bbebab9,N12-1080,986ff65ff9fa1c517e0910bbfef9c71b6eeabf79,1
P05-1045,4f410ab5c8b12b34b38421241366ee456bbebab9,N12-1084,00111610254bfb8ec16428501c2ca68dcf817474,1
P05-1045,4f410ab5c8b12b34b38421241366ee456bbebab9,N12-1085,2470c5bc0b0a87c2157c9fed152805fa4ca21204,0
P05-1045,4f410ab5c8b12b34b38421241366ee456bbebab9,N13-1006,3dd63c9b5ea5df6ec020a34bf8ea7c1bf15997c7,1
P05-1045,4f410ab5c8b12b34b38421241366ee456bbebab9,N13-1007,48a2d2dbb6514f55902139a4f40eb6942f82eef9,1
P05-1045,4f410ab5c8b12b34b38421241366ee456bbebab9,N13-1037,30e69288d6d427da250e395d4341b481d8f600f5,0
P05-1045,4f410ab5c8b12b34b38421241366ee456bbebab9,N13-1059,1e9663ce0fefb89b79b013313cd39454d7bb8267,1
P05-1045,4f410ab5c8b12b34b38421241366ee456bbebab9,N13-1063,49121b3b9bcf7e55046efea91683bb38ab56e6a9,0
P05-1045,4f410ab5c8b12b34b38421241366ee456bbebab9,P06-1059,0e66293eec64e5157ddb368a9f68f6b9e4bbe162,2
P05-1045,4f410ab5c8b12b34b38421241366ee456bbebab9,P06-1089,31d2eaefe047a4302e0a5dfa090a37b9f1c79699,2
P05-1045,4f410ab5c8b12b34b38421241366ee456bbebab9,P06-1141,29c7fb312431f77aa369937959f26f292dfa27d6,3
P05-1045,4f410ab5c8b12b34b38421241366ee456bbebab9,P06-2054,63cb5e89d1e875d3f0813e270e9aabdfaaefdde1,0
P05-1045,4f410ab5c8b12b34b38421241366ee456bbebab9,P08-1031,00e5123e8a976e11e1e5a6e68c51af684a25ddbd,0
P05-1045,4f410ab5c8b12b34b38421241366ee456bbebab9,P08-2012,2686a0b9f48d6e35a9f3eab5af23c06974a204e4,1
P05-1045,4f410ab5c8b12b34b38421241366ee456bbebab9,P08-4003,24813a13faa751c334086f5112743091343ccfba,1
P05-1045,4f410ab5c8b12b34b38421241366ee456bbebab9,P09-1113,8f8139b63a2fc0b3ae8413acaef47acd35a356e0,1
P05-1045,4f410ab5c8b12b34b38421241366ee456bbebab9,P09-2041,330f705d1da99e6e9cab28db3d881aeffc50a00d,1
P05-1045,4f410ab5c8b12b34b38421241366ee456bbebab9,P10-1015,da9946f7a19349d71ca8379b8b637160125702b8,1
P05-1045,4f410ab5c8b12b34b38421241366ee456bbebab9,P10-1056,037725c55ee3eb2c4b9eb185f16e4187f6188189,1
P05-1045,4f410ab5c8b12b34b38421241366ee456bbebab9,P10-1148,7424786c635a51dad861b8888e9c0d23a5856234,1
P05-1045,4f410ab5c8b12b34b38421241366ee456bbebab9,P10-2029,02e2a30af7eb852b92e03cd37ede03cc15ead9cf,1
P05-1045,4f410ab5c8b12b34b38421241366ee456bbebab9,P10-2049,af5586c3d67a76d3ae51cfa886f77a081ecd88f9,1
P05-1045,4f410ab5c8b12b34b38421241366ee456bbebab9,P11-1037,b52fe0b796e4c899624ed3e9d9ea566453156844,1
P05-1045,4f410ab5c8b12b34b38421241366ee456bbebab9,P11-1082,0c042eaf93d775aa77e9e5cea50a639bf18a8e71,1
P05-1045,4f410ab5c8b12b34b38421241366ee456bbebab9,P11-1113,e17a4ce03444b4cf8b11122ff980b6f2e3ec9b8e,0
P05-1045,4f410ab5c8b12b34b38421241366ee456bbebab9,P11-1114,2a0a4161206d3fb201ca87ee17256d3d770e3fd2,1
P05-1045,4f410ab5c8b12b34b38421241366ee456bbebab9,P11-3004,b891549fa7274ebc33dc2e0b52de920675b3c9d7,1
P05-1045,4f410ab5c8b12b34b38421241366ee456bbebab9,P12-1042,4e29406ff005be3de1b2781ef42ed881502bf72c,1
P05-1045,4f410ab5c8b12b34b38421241366ee456bbebab9,P12-1072,1d4927b26f1bc7ac8a72b7da8c723ca853fcaa72,1
P05-1045,4f410ab5c8b12b34b38421241366ee456bbebab9,P12-1073,6483f163be4836ae8bd3833f27de9a173753b960,1
P05-1045,4f410ab5c8b12b34b38421241366ee456bbebab9,P12-1075,5460589117407a323cae0ea08623ef855d5dca26,1
P05-1045,4f410ab5c8b12b34b38421241366ee456bbebab9,P12-1087,05369d319bc1811fbfc57abfcef00273b325128e,1
P05-1045,4f410ab5c8b12b34b38421241366ee456bbebab9,P12-1089,73836b5414c2803e66c5d574a30a57f49f7600c3,3
P05-1045,4f410ab5c8b12b34b38421241366ee456bbebab9,P12-2013,012d5cc9236a5cb591a30d97b0a01973109b0f07,1
P05-1045,4f410ab5c8b12b34b38421241366ee456bbebab9,P12-2024,b65762780b95c39a8a8814f47e99b874f4315401,1
P05-1045,4f410ab5c8b12b34b38421241366ee456bbebab9,P12-2064,740bcf4af21ffff4f85e4b5a54a3e6502e5088fd,1
P05-1045,4f410ab5c8b12b34b38421241366ee456bbebab9,P12-2069,6cd8cae6783b1079a066cf03117aeb970189d093,1
P05-1045,4f410ab5c8b12b34b38421241366ee456bbebab9,P12-3003,81e96b60befdc97db1b4fb54006e9f40be0a1705,0
P05-1045,4f410ab5c8b12b34b38421241366ee456bbebab9,P12-3013,33f4e91b698a5226955e9e6b62741163c4ffd6c1,1
P05-1045,4f410ab5c8b12b34b38421241366ee456bbebab9,P13-1106,32fce77f2683c6296e787f319663fe9d2cde2d07,1
P05-1045,4f410ab5c8b12b34b38421241366ee456bbebab9,P13-1129,9ae8419e25a57178335debad63d233db7accc3a1,1
P05-1045,4f410ab5c8b12b34b38421241366ee456bbebab9,P13-1146,6629785cb5c9c96921f97e7a8c56dbe63f80d9ef,0
P05-1045,4f410ab5c8b12b34b38421241366ee456bbebab9,P13-1166,7dfe426e77f2dc220f5a3ea8213ff4b2827f8d16,1
P05-1045,4f410ab5c8b12b34b38421241366ee456bbebab9,P13-2036,df62eba3d141d7e24c7e2cd0c142d7e4a415b9a2,1
P05-1045,4f410ab5c8b12b34b38421241366ee456bbebab9,P13-2116,8689346e83d711f9356f4056174d18ad53af1cd8,1
P05-1045,4f410ab5c8b12b34b38421241366ee456bbebab9,P13-2128,8c88fd293ce102e1f8fbed3f2e662ee8de4f45bb,0
P05-1045,4f410ab5c8b12b34b38421241366ee456bbebab9,P13-2141,c2908deec5b09ea4bdfce7ad5e827606ef425ee4,1
P05-1045,4f410ab5c8b12b34b38421241366ee456bbebab9,P13-4023,961f0bda9581ac5a969477760ba3ef2ea9b1ed25,0
P05-1045,4f410ab5c8b12b34b38421241366ee456bbebab9,Q13-1028,07704a07d924cf7970ea7996afb81c331c5a3673,1
P05-1045,4f410ab5c8b12b34b38421241366ee456bbebab9,S10-1020,74f904e03903ebfccf7b5de9c345a49712919ab6,1
P05-1045,4f410ab5c8b12b34b38421241366ee456bbebab9,S12-1035,d1d1004488231e2d26922016f252a85a3dc41388,1
P05-1045,4f410ab5c8b12b34b38421241366ee456bbebab9,S12-1082,76d3d111d24391a2fe153e16b1a4d120d9bb7c3d,1
P05-1045,4f410ab5c8b12b34b38421241366ee456bbebab9,S12-1085,0d98d2fc154f60f52da54a9861b75cf67afc8132,1
P05-1045,4f410ab5c8b12b34b38421241366ee456bbebab9,S13-1010,2b59bbc1ee8a5075e49f0b79f86df357d2ac01e7,1
P05-1045,4f410ab5c8b12b34b38421241366ee456bbebab9,S13-1014,87e79beb7976919a76b912c94ff797126981308c,1
P05-1045,4f410ab5c8b12b34b38421241366ee456bbebab9,S13-1018,b1105adb7be0e0dcd6b6c101c571bf2493becf89,1
P05-1045,4f410ab5c8b12b34b38421241366ee456bbebab9,S13-1021,02234993cfbd7d765f2dba33bfe1c45add91e52d,1
P05-1045,4f410ab5c8b12b34b38421241366ee456bbebab9,S13-1023,3e0aaf0065322e62b7ef0b248da87759d09cd44f,1
P05-1045,4f410ab5c8b12b34b38421241366ee456bbebab9,W06-1643,83bce397ca0aaa9e47bde4511fe84d5ebda80210,0
P05-1045,4f410ab5c8b12b34b38421241366ee456bbebab9,W06-1655,e0d1429717d6be45b64b66de28fd918d8cbe0355,0
P05-1045,4f410ab5c8b12b34b38421241366ee456bbebab9,W07-2058,53d85832dfcbf51eae4c5f06249f93d518d45537,1
P05-1045,4f410ab5c8b12b34b38421241366ee456bbebab9,W09-0422,5ceda25a21fbad082b8986794a8e2f5dfc119f0a,1
P05-1045,4f410ab5c8b12b34b38421241366ee456bbebab9,W09-1119,27496a2ee337db705e7c611dea1fd8e6f41437c2,2
P05-1045,4f410ab5c8b12b34b38421241366ee456bbebab9,W09-1218,095a7ab0e6bdfa54e13ce6875622a0c0e3ca43d7,0
P05-1045,4f410ab5c8b12b34b38421241366ee456bbebab9,W10-0725,ca0025d551a9a7ce2988e12f08ca5412ac827f1e,1
P05-1045,4f410ab5c8b12b34b38421241366ee456bbebab9,W10-1902,22fbdbf1b4d2fd376391106239533b40505946c1,0
P05-1045,4f410ab5c8b12b34b38421241366ee456bbebab9,W10-2420,ebff2fb9550baddc15d26f8e0dfa0329f747e562,1
P05-1045,4f410ab5c8b12b34b38421241366ee456bbebab9,W10-2906,30701685df2d2ae3d2a0337f33000b0e7288ed68,1
P05-1045,4f410ab5c8b12b34b38421241366ee456bbebab9,W10-3102,c50c2ef70639692db342693bd4479f5b85c73f60,2
P05-1045,4f410ab5c8b12b34b38421241366ee456bbebab9,W11-0219,69659e18511c6ce5bf1e617992440e7e630723c1,1
P05-1045,4f410ab5c8b12b34b38421241366ee456bbebab9,W11-0810,69b2dbb56aeb4d34fba965f897af3acd11bb05e5,2
P05-1045,4f410ab5c8b12b34b38421241366ee456bbebab9,W11-0902,01c44d9fba739eedea9d4c03e9223014dcdeeb07,1
P05-1045,4f410ab5c8b12b34b38421241366ee456bbebab9,W11-1513,f55163ed16144200d322efe20d19cdcf332f9361,1
P05-1045,4f410ab5c8b12b34b38421241366ee456bbebab9,W11-1723,f75e678e5694730a57c51228f1074920110c3fac,0
P05-1045,4f410ab5c8b12b34b38421241366ee456bbebab9,W11-1907,bb6c904eccd9663037c75251712b6da7f6398ae8,1
P05-1045,4f410ab5c8b12b34b38421241366ee456bbebab9,W11-1908,59b63319406fa85670e292b5eb460d4d64a824fd,1
P05-1045,4f410ab5c8b12b34b38421241366ee456bbebab9,W11-2202,02aebef93baeef3396f3cb4468a7054067f190c6,1
P05-1045,4f410ab5c8b12b34b38421241366ee456bbebab9,W11-2705,aca19f94878893caf6c484ba638fe9445b4d6bf4,1
P05-1045,4f410ab5c8b12b34b38421241366ee456bbebab9,W12-0102,5c983fb27dee4bd4cd42fcde08dbc02f4431e2bc,1
P05-1045,4f410ab5c8b12b34b38421241366ee456bbebab9,W12-0103,be3da9f71d3a093ecfcb9df7acd61c2eda437824,1
P05-1045,4f410ab5c8b12b34b38421241366ee456bbebab9,W12-0604,28e1e18b974adfb1af3ad6a00183b832e06de80f,1
P05-1045,4f410ab5c8b12b34b38421241366ee456bbebab9,W12-2007,3df902c59a110127bbe22570f4d97967b7ea7d61,1
P05-1045,4f410ab5c8b12b34b38421241366ee456bbebab9,W12-2408,b9da747590c012291cadadf644a1d7a78465d3ec,1
P05-1045,4f410ab5c8b12b34b38421241366ee456bbebab9,W12-2903,e5c2720dddac18a11da6593a9346a98813e8d9ff,1
P05-1045,4f410ab5c8b12b34b38421241366ee456bbebab9,W12-3109,ae946b252bf1d58a906935f2f4a8bb7fb9e441f2,1
P05-1045,4f410ab5c8b12b34b38421241366ee456bbebab9,W13-0905,29b165f82233f6c2e93d31dc274b57adc1da1d48,1
P05-1045,4f410ab5c8b12b34b38421241366ee456bbebab9,W13-1101,a78b1c7a80bbc5e132d40bddacfa44ce43773445,0
P05-1045,4f410ab5c8b12b34b38421241366ee456bbebab9,W13-2114,6d312d75eaab80dc77a584baf89c13214810d877,1
P05-1045,4f410ab5c8b12b34b38421241366ee456bbebab9,W13-2234,17da628fd399a11cc727eb49b0424b8f7050e945,1
P05-1045,4f410ab5c8b12b34b38421241366ee456bbebab9,W13-2414,e3b0ebc3e53509f7564eb0bca2a5913307ca873e,0
P05-1045,4f410ab5c8b12b34b38421241366ee456bbebab9,W13-3516,a94e4fe6f475e047be5dcc9077f445e496240852,1
P05-1045,4f410ab5c8b12b34b38421241366ee456bbebab9,W13-3616,bb14cde95053a4acc75accddc29716ce76ce0e99,1
P05-1045,4f410ab5c8b12b34b38421241366ee456bbebab9,W13-4008,70f24c5d425e474d13d756e76d652d94657d2402,1
